Name,State,Public IP,Private IP,Shape,OCPU Count,Memory (GB),GPU Count,Region,AD,FD,Created On,OCID,Compartment OCID
admin-server,RUNNING,129.146.17.229,10.0.0.14,VM.Standard1.16,16,112,0,phx,VnTy:PHX-AD-1,FAULT-DOMAIN-2,2017-11-15 22:45:12.393 +0000 UTC,ocid1.instance.oc1.phx.abyhqljtsoo7zgmbv2oqmpt6pgxuuv2x6y4q5ydpkka3tkbz7iutj3muum2q,ocid1.compartment.oc1..aaaaaaaar235kbrqishx63v2wet2ine6ul45uuhbjmqjzwgsfb5fs3ij6uyq
admin-server-2,RUNNING,138.1.146.85,10.0.0.251,VM.Standard2.24,24,320,0,phx,VnTy:PHX-AD-1,FAULT-DOMAIN-3,2022-08-17 15:45:40.272 +0000 UTC,ocid1.instance.oc1.phx.anyhqljt6gc7n2ycij7s6ejeia4hgarechg3crq5shqxenbc6g2zrk267vta,ocid1.compartment.oc1..aaaaaaaar235kbrqishx63v2wet2ine6ul45uuhbjmqjzwgsfb5fs3ij6uyq
adminserver-3,RUNNING,130.35.141.25,10.0.0.29,VM.Standard2.24,24,320,0,phx,VnTy:PHX-AD-1,FAULT-DOMAIN-2,2023-10-20 17:27:20.077 +0000 UTC,ocid1.instance.oc1.phx.anyhqljt6gc7n2yc2gwuq54ubytxoxluzejwvkgfjc3nbxq4hthhq4pacdza,ocid1.compartment.oc1..aaaaaaaar235kbrqishx63v2wet2ine6ul45uuhbjmqjzwgsfb5fs3ij6uyq
instance-20230207-1359,STOPPED,138.1.157.234,10.0.0.60,VM.Standard.E4.Flex,1,8,0,phx,VnTy:PHX-AD-1,FAULT-DOMAIN-1,2023-02-07 08:31:52.848 +0000 UTC,ocid1.instance.oc1.phx.anyhqljt6gc7n2ycbqgujfopfuwiffb472ukywjn5wpxwfackfm5wvz7l7tq,ocid1.compartment.oc1..aaaaaaaatvr2qllpfd24jv44tfscumq4anankshx7cgk4b7bmhlgnwvffriq
testzep-1,RUNNING,,10.0.0.29,VM.Standard2.2,2,30,0,phx,VnTy:PHX-AD-1,FAULT-DOMAIN-3,2021-07-21 15:40:07.765 +0000 UTC,ocid1.instance.oc1.phx.anyhqljt6gc7n2ycnr4v66bnpipvjem7gl6s2znbgwbsqkyd5eklcqvajqyq,ocid1.compartment.oc1..aaaaaaaatvr2qllpfd24jv44tfscumq4anankshx7cgk4b7bmhlgnwvffriq
bpod-1,RUNNING,138.1.146.105,10.0.17.67,VM.DenseIO2.16,16,240,0,phx,VnTy:PHX-AD-1,FAULT-DOMAIN-3,2022-08-08 18:58:53.695 +0000 UTC,ocid1.instance.oc1.phx.anyhqljt6gc7n2ycaurai4ddx643s7ox4zbamr6fgbistxcu67nuezthx5ka,ocid1.compartment.oc1..aaaaaaaavmr3oaamufyo5m3x5x5ozoosnq4ngrvh43ral3jm2xyjtr6gglwq
cman-1,RUNNING,,10.0.4.205,VM.Standard2.16,16,240,0,phx,VnTy:PHX-AD-1,FAULT-DOMAIN-2,2020-03-07 03:35:47.507 +0000 UTC,ocid1.instance.oc1.phx.anyhqljt6gc7n2ycohdp4fnb2om4pnjaluznmjzif3zhr7yoti5subo36xeq,ocid1.compartment.oc1..aaaaaaaavmr3oaamufyo5m3x5x5ozoosnq4ngrvh43ral3jm2xyjtr6gglwq
ctrl-1,RUNNING,138.1.158.111,10.0.16.4,BM.DenseIO2.52,52,768,0,phx,VnTy:PHX-AD-1,FAULT-DOMAIN-2,2020-03-07 03:37:01.535 +0000 UTC,ocid1.instance.oc1.phx.anyhqljt6gc7n2yclalwatsmsh5gf46rjtbagdn3knw7eoafipndjtpgos2q,ocid1.compartment.oc1..aaaaaaaavmr3oaamufyo5m3x5x5ozoosnq4ngrvh43ral3jm2xyjtr6gglwq
dev1vm,STOPPED,129.146.83.3,10.0.1.82,VM.Standard2.2,2,30,0,phx,VnTy:PHX-AD-1,FAULT-DOMAIN-1,2018-06-17 05:14:35.35 +0000 UTC,ocid1.instance.oc1.phx.abyhqljttdgbhn6vp4dybd73ly2sjczifycdmayi3pt3nc3tuawfk64uplpa,ocid1.compartment.oc1..aaaaaaaavmr3oaamufyo5m3x5x5ozoosnq4ngrvh43ral3jm2xyjtr6gglwq
fbpod-1,RUNNING,130.35.142.178,10.0.16.6,VM.DenseIO2.16,16,240,0,phx,VnTy:PHX-AD-1,FAULT-DOMAIN-2,2021-03-08 22:27:06.855 +0000 UTC,ocid1.instance.oc1.phx.anyhqljt6gc7n2ycxal3g37gbbkk7jkpztcwqsgncikab2b5b7lhl7sd4noa,ocid1.compartment.oc1..aaaaaaaavmr3oaamufyo5m3x5x5ozoosnq4ngrvh43ral3jm2xyjtr6gglwq
jen-1,RUNNING,130.35.15.181,10.0.1.87,VM.Standard2.8,8,120,0,phx,VnTy:PHX-AD-1,FAULT-DOMAIN-2,2020-12-10 20:33:49.649 +0000 UTC,ocid1.instance.oc1.phx.anyhqljt6gc7n2ycsp64sxdop4fm5iyhehojhnnllp7andhphyt5qev3h63a,ocid1.compartment.oc1..aaaaaaaavmr3oaamufyo5m3x5x5ozoosnq4ngrvh43ral3jm2xyjtr6gglwq
jump1-dev1,STOPPED,138.1.150.35,10.0.1.84,VM.Standard2.4,4,60,0,phx,VnTy:PHX-AD-1,FAULT-DOMAIN-3,2019-07-20 19:46:08.434 +0000 UTC,ocid1.instance.oc1.phx.abyhqljtobuueje6hm5xxml4x7jnhjhgtl46c2voawhby2uaefalo52hntqa,ocid1.compartment.oc1..aaaaaaaavmr3oaamufyo5m3x5x5ozoosnq4ngrvh43ral3jm2xyjtr6gglwq
met-1,RUNNING,,10.0.4.203,VM.Standard2.4,4,60,0,phx,VnTy:PHX-AD-1,FAULT-DOMAIN-2,2020-03-07 03:35:47.022 +0000 UTC,ocid1.instance.oc1.phx.anyhqljt6gc7n2yc3l4oggaii2uskl3a7jzl5fopottl2xnm6fdhif5ty2fa,ocid1.compartment.oc1..aaaaaaaavmr3oaamufyo5m3x5x5ozoosnq4ngrvh43ral3jm2xyjtr6gglwq
nginx-1,RUNNING,,10.0.7.34,VM.Standard2.4,4,60,0,phx,VnTy:PHX-AD-1,FAULT-DOMAIN-2,2022-05-31 22:39:26.869 +0000 UTC,ocid1.instance.oc1.phx.anyhqljt6gc7n2yc43kk7ccibwmj2end2tijuulokmyw36oztkgoeas2wbiq,ocid1.compartment.oc1..aaaaaaaavmr3oaamufyo5m3x5x5ozoosnq4ngrvh43ral3jm2xyjtr6gglwq
odi-1,RUNNING,,10.0.4.209,VM.Standard2.8,8,120,0,phx,VnTy:PHX-AD-1,FAULT-DOMAIN-2,2020-12-08 22:06:53.578 +0000 UTC,ocid1.instance.oc1.phx.anyhqljt6gc7n2ycq643uyp4nnfylrvbcxh2svps6t2tt56m4f3fdq7zmjbq,ocid1.compartment.oc1..aaaaaaaavmr3oaamufyo5m3x5x5ozoosnq4ngrvh43ral3jm2xyjtr6gglwq
oml-1,RUNNING,,10.0.7.90,VM.Standard2.8,8,120,0,phx,VnTy:PHX-AD-1,FAULT-DOMAIN-3,2022-08-04 15:49:23.26 +0000 UTC,ocid1.instance.oc1.phx.anyhqljt6gc7n2ycc3mw5deac4vpjxvkuq2c7x3m54qno2mtrqszmfpmv6fa,ocid1.compartment.oc1..aaaaaaaavmr3oaamufyo5m3x5x5ozoosnq4ngrvh43ral3jm2xyjtr6gglwq
omlmod-1,RUNNING,,10.0.4.207,VM.Standard2.8,8,120,0,phx,VnTy:PHX-AD-1,FAULT-DOMAIN-2,2020-07-13 00:12:11.596 +0000 UTC,ocid1.instance.oc1.phx.anyhqljt6gc7n2ycf43n7awthn2hq3nrtg2nmnux67vywymvdsy66bn6hwqa,ocid1.compartment.oc1..aaaaaaaavmr3oaamufyo5m3x5x5ozoosnq4ngrvh43ral3jm2xyjtr6gglwq
ordswls-1,RUNNING,,10.0.7.212,VM.Standard2.8,8,120,0,phx,VnTy:PHX-AD-1,FAULT-DOMAIN-2,2023-01-24 17:10:26.418 +0000 UTC,ocid1.instance.oc1.phx.anyhqljt6gc7n2ycn44mtrwq5ldhikoq6wu7rtisuypblsd7pdt6xnt4nfwa,ocid1.compartment.oc1..aaaaaaaavmr3oaamufyo5m3x5x5ozoosnq4ngrvh43ral3jm2xyjtr6gglwq
rc-1,RUNNING,,10.0.4.202,VM.Standard2.4,4,60,0,phx,VnTy:PHX-AD-1,FAULT-DOMAIN-3,2020-03-07 03:35:41.028 +0000 UTC,ocid1.instance.oc1.phx.anyhqljt6gc7n2ycc2m7cb62y2uphcnuzwzrgj7etay7ohsvlgctwbyoegoa,ocid1.compartment.oc1..aaaaaaaavmr3oaamufyo5m3x5x5ozoosnq4ngrvh43ral3jm2xyjtr6gglwq
wls-1,RUNNING,,10.0.4.201,VM.Standard2.8,8,120,0,phx,VnTy:PHX-AD-1,FAULT-DOMAIN-3,2020-03-07 03:35:41.19 +0000 UTC,ocid1.instance.oc1.phx.anyhqljt6gc7n2ycdfctyswq5awzhdkpoe6ngj4mg2mm5qepbveq5wvszzia,ocid1.compartment.oc1..aaaaaaaavmr3oaamufyo5m3x5x5ozoosnq4ngrvh43ral3jm2xyjtr6gglwq
zep-1,RUNNING,,10.0.53.105,VM.Standard2.8,8,120,0,phx,VnTy:PHX-AD-1,FAULT-DOMAIN-2,2022-02-10 17:38:02.76 +0000 UTC,ocid1.instance.oc1.phx.anyhqljt6gc7n2ycnb55jreywcdmviwhw6izna6u42jeycmrtdmq4vtynhsa,ocid1.compartment.oc1..aaaaaaaavmr3oaamufyo5m3x5x5ozoosnq4ngrvh43ral3jm2xyjtr6gglwq
zep-4,RUNNING,,10.0.52.237,VM.Standard2.8,8,120,0,phx,VnTy:PHX-AD-1,FAULT-DOMAIN-2,2023-10-02 18:41:20.053 +0000 UTC,ocid1.instance.oc1.phx.anyhqljt6gc7n2ycun4jb5cedutmuz7npxejvkc4f3qfugbnkrbgqnxax67a,ocid1.compartment.oc1..aaaaaaaavmr3oaamufyo5m3x5x5ozoosnq4ngrvh43ral3jm2xyjtr6gglwq
ctrl-2,RUNNING,130.35.241.135,10.0.20.2,BM.DenseIO2.52,52,768,0,phx,VnTy:PHX-AD-2,FAULT-DOMAIN-1,2020-12-05 02:35:56.298 +0000 UTC,ocid1.instance.oc1.phx.anyhqljr6gc7n2ycrb56fdiqkwkk5mzo7klx4tes5kf6rumlmmhthdrlaouq,ocid1.compartment.oc1..aaaaaaaavmr3oaamufyo5m3x5x5ozoosnq4ngrvh43ral3jm2xyjtr6gglwq
jump2-dev1,RUNNING,130.35.5.62,10.0.1.108,VM.Standard2.8,8,120,0,phx,VnTy:PHX-AD-2,FAULT-DOMAIN-2,2022-05-18 18:42:10.533 +0000 UTC,ocid1.instance.oc1.phx.anyhqljr6gc7n2ycucoc4k7q7gqfrferqantmmefs2uelzjxhveeuleb7clq,ocid1.compartment.oc1..aaaaaaaavmr3oaamufyo5m3x5x5ozoosnq4ngrvh43ral3jm2xyjtr6gglwq
odi-2,RUNNING,,10.0.8.31,VM.Standard2.8,8,120,0,phx,VnTy:PHX-AD-2,FAULT-DOMAIN-1,2021-11-17 06:04:34.683 +0000 UTC,ocid1.instance.oc1.phx.anyhqljr6gc7n2ycc26wqbhe3s4p5x4sbkfg3fgqoslqmugxtql5exffh6ua,ocid1.compartment.oc1..aaaaaaaavmr3oaamufyo5m3x5x5ozoosnq4ngrvh43ral3jm2xyjtr6gglwq
zep-2,RUNNING,,10.0.57.137,VM.Standard2.8,8,120,0,phx,VnTy:PHX-AD-2,FAULT-DOMAIN-2,2022-02-10 17:38:02.989 +0000 UTC,ocid1.instance.oc1.phx.anyhqljr6gc7n2ycvyqgfbfcu6qscqjshvtbr5vtlsge3kxnlfn6rmfx7psq,ocid1.compartment.oc1..aaaaaaaavmr3oaamufyo5m3x5x5ozoosnq4ngrvh43ral3jm2xyjtr6gglwq
zep-5,RUNNING,,10.0.57.31,VM.Standard2.8,8,120,0,phx,VnTy:PHX-AD-2,FAULT-DOMAIN-2,2023-10-02 19:21:55.759 +0000 UTC,ocid1.instance.oc1.phx.anyhqljr6gc7n2ycy7zedyxg674dreesutuhs5n5caszjn7vspitl4bxxheq,ocid1.compartment.oc1..aaaaaaaavmr3oaamufyo5m3x5x5ozoosnq4ngrvh43ral3jm2xyjtr6gglwq
zep-3,RUNNING,,10.0.62.74,VM.GPU.A10.2,30,480,2,phx,VnTy:PHX-AD-3,FAULT-DOMAIN-1,2023-06-26 18:21:34.856 +0000 UTC,ocid1.instance.oc1.phx.anyhqljs6gc7n2ycqr7rafrd7scwx4jlervx3lj4c3suugdzzjtp5q7ilcfa,ocid1.compartment.oc1..aaaaaaaavmr3oaamufyo5m3x5x5ozoosnq4ngrvh43ral3jm2xyjtr6gglwq
zep-6,RUNNING,,10.0.63.246,VM.GPU.A10.2,30,480,2,phx,VnTy:PHX-AD-3,FAULT-DOMAIN-2,2023-10-16 17:26:19.229 +0000 UTC,ocid1.instance.oc1.phx.anyhqljs6gc7n2ycibvqykfs34rfkxreiy2z3x7vvhdpoaolwa74wu7dczkq,ocid1.compartment.oc1..aaaaaaaavmr3oaamufyo5m3x5x5ozoosnq4ngrvh43ral3jm2xyjtr6gglwq
jump1-mon-preprod,RUNNING,138.1.148.0,10.1.0.11,VM.Standard2.4,4,60,0,phx,VnTy:PHX-AD-1,FAULT-DOMAIN-1,2021-06-03 00:13:29.648 +0000 UTC,ocid1.instance.oc1.phx.anyhqljt6gc7n2ycp2qvfn5lbeu5a4luesc2kv3kzhefdykefiijcpgtzkaq,ocid1.compartment.oc1..aaaaaaaarcz4kpk44aswnviys5pcl5vuiup42swygbln2mahp6h627gq6lha
mon1-preprod,RUNNING,,10.1.0.29,VM.Standard2.8,8,120,0,phx,VnTy:PHX-AD-1,FAULT-DOMAIN-1,2021-06-03 00:38:08.676 +0000 UTC,ocid1.instance.oc1.phx.anyhqljt6gc7n2yc32zklmacs4gpempnlsfhs4vuuy5zrm7gw5nzdyhvzrla,ocid1.compartment.oc1..aaaaaaaarcz4kpk44aswnviys5pcl5vuiup42swygbln2mahp6h627gq6lha
Test_instance,RUNNING,138.1.155.60,10.0.1.87,VM.Standard.E4.Flex,1,16,0,phx,VnTy:PHX-AD-1,FAULT-DOMAIN-1,2024-03-05 19:43:55.04 +0000 UTC,ocid1.instance.oc1.phx.anyhqljt6gc7n2ycej4yg4vmqvv7otzk4fh6sgumhpvrx6axd62mpid3nmhq,ocid1.compartment.oc1..aaaaaaaa6zne3brnyivu4gnqeobwukjscw57mv73yutewmxl2i34hev5tpda
ad1-priv-pe,RUNNING,,10.0.2.217,VM.Standard3.Flex,1,8,0,phx,VnTy:PHX-AD-1,FAULT-DOMAIN-3,2022-11-14 19:29:08.425 +0000 UTC,ocid1.instance.oc1.phx.anyhqljt6gc7n2yctrmnsnuiucidjlkhxeqoj7iq3447w6hwrqfydxzb4iha,ocid1.compartment.oc1..aaaaaaaa6zne3brnyivu4gnqeobwukjscw57mv73yutewmxl2i34hev5tpda
adbs-44633_gtwy,RUNNING,,10.0.3.242,VM.Standard.E4.Flex,2,32,0,phx,VnTy:PHX-AD-1,FAULT-DOMAIN-1,2022-05-12 08:32:17.835 +0000 UTC,ocid1.instance.oc1.phx.anyhqljt6gc7n2yco366emsxhbkbso5foaq3mdcqjqjbt5xlrj3utebjn4lq,ocid1.compartment.oc1..aaaaaaaa6zne3brnyivu4gnqeobwukjscw57mv73yutewmxl2i34hev5tpda
adm-1,RUNNING,138.1.149.96,10.0.1.88,VM.Standard2.8,8,120,0,phx,VnTy:PHX-AD-1,FAULT-DOMAIN-2,2022-08-02 00:07:19.179 +0000 UTC,ocid1.instance.oc1.phx.anyhqljt6gc7n2ycyz7wh4doenvekx4d3fubgs23jnbgiirbbjybulcad7ma,ocid1.compartment.oc1..aaaaaaaa6zne3brnyivu4gnqeobwukjscw57mv73yutewmxl2i34hev5tpda
adminsystem-vm,STOPPED,138.1.150.217,10.0.1.82,VM.Standard1.2,2,14,0,phx,VnTy:PHX-AD-1,FAULT-DOMAIN-2,2018-02-23 01:37:12.788 +0000 UTC,ocid1.instance.oc1.phx.abyhqljt2ayfrqikwz4xjiadxbnhvup4fxva6cvnwudatnllxkihivoimsfa,ocid1.compartment.oc1..aaaaaaaa6zne3brnyivu4gnqeobwukjscw57mv73yutewmxl2i34hev5tpda
ahcgtwy,RUNNING,138.1.159.84,10.0.4.112,VM.Standard.E4.Flex,2,32,0,phx,VnTy:PHX-AD-1,FAULT-DOMAIN-1,2022-05-12 08:47:35.955 +0000 UTC,ocid1.instance.oc1.phx.anyhqljt6gc7n2yc6z65nsepeo5u6cewz7ejytqtquaolg3taaeg43n5s7qq,ocid1.compartment.oc1..aaaaaaaa6zne3brnyivu4gnqeobwukjscw57mv73yutewmxl2i34hev5tpda
apex_vanity_priv1,RUNNING,,30.0.1.118,VM.Standard2.2,2,30,0,phx,VnTy:PHX-AD-1,FAULT-DOMAIN-1,2021-08-18 21:52:24.74 +0000 UTC,ocid1.instance.oc1.phx.anyhqljt6gc7n2ycpaoop6apbw4xzm3qguhptnklu6evcafjsdkzau4hiy3a,ocid1.compartment.oc1..aaaaaaaa6zne3brnyivu4gnqeobwukjscw57mv73yutewmxl2i34hev5tpda
apex_vanity_pub1,RUNNING,130.35.14.45,30.0.0.242,VM.Standard2.2,2,30,0,phx,VnTy:PHX-AD-1,FAULT-DOMAIN-2,2021-08-18 19:09:43.854 +0000 UTC,ocid1.instance.oc1.phx.anyhqljt6gc7n2yckaojzqdxvxlzzytnc4l5dnanz6a7zrtk5dzsnorbp2mq,ocid1.compartment.oc1..aaaaaaaa6zne3brnyivu4gnqeobwukjscw57mv73yutewmxl2i34hev5tpda
appctrl-1,RUNNING,138.1.147.88,10.0.16.192,BM.DenseIO2.52,52,768,0,phx,VnTy:PHX-AD-1,FAULT-DOMAIN-1,2022-06-30 21:38:58.584 +0000 UTC,ocid1.instance.oc1.phx.anyhqljt6gc7n2ycrmftox2ycekbnedzwjhch7ly56petg2ekwfnwk5qmtwq,ocid1.compartment.oc1..aaaaaaaa6zne3brnyivu4gnqeobwukjscw57mv73yutewmxl2i34hev5tpda
bpod-1,RUNNING,138.1.152.244,10.0.18.146,BM.DenseIO2.52,52,768,0,phx,VnTy:PHX-AD-1,FAULT-DOMAIN-2,2021-06-11 21:29:03.961 +0000 UTC,ocid1.instance.oc1.phx.anyhqljt6gc7n2ycqvoodiwu4uhn2ard5wjh23so2fyppgqm2kitmgesu3na,ocid1.compartment.oc1..aaaaaaaa6zne3brnyivu4gnqeobwukjscw57mv73yutewmxl2i34hev5tpda
bpod-4,RUNNING,138.1.144.106,10.0.16.27,VM.DenseIO2.16,16,240,0,phx,VnTy:PHX-AD-1,FAULT-DOMAIN-1,2024-03-09 18:47:33.351 +0000 UTC,ocid1.instance.oc1.phx.anyhqljt6gc7n2yc76tfdolqjfn77j7zo2rpvhc4x4q4imcwhqzilpy2ymmq,ocid1.compartment.oc1..aaaaaaaa6zne3brnyivu4gnqeobwukjscw57mv73yutewmxl2i34hev5tpda
bpod-7,RUNNING,130.35.14.226,10.0.19.220,BM.Standard.B1.44,44,512,0,phx,VnTy:PHX-AD-1,FAULT-DOMAIN-1,2021-09-02 23:42:20.772 +0000 UTC,ocid1.instance.oc1.phx.anyhqljt6gc7n2ycdtr6if4awktehz3d2cjpmndx3oi3gvf6v2tckzsdpa7q,ocid1.compartment.oc1..aaaaaaaa6zne3brnyivu4gnqeobwukjscw57mv73yutewmxl2i34hev5tpda
ce1pod-guved1,RUNNING,,10.0.89.25,VM.Standard.E4.Flex,16,256,0,phx,VnTy:PHX-AD-1,FAULT-DOMAIN-1,2023-11-25 16:27:36.755 +0000 UTC,ocid1.instance.oc1.phx.anyhqljt6gc7n2ycm4ypll24bajnna77dxbe6to6znvrdbynj3gnkmfoi6xa,ocid1.compartment.oc1..aaaaaaaa6zne3brnyivu4gnqeobwukjscw57mv73yutewmxl2i34hev5tpda
ce1pod-guved2,RUNNING,,10.0.91.246,VM.Standard.E4.Flex,16,256,0,phx,VnTy:PHX-AD-1,FAULT-DOMAIN-1,2023-11-25 16:27:36.587 +0000 UTC,ocid1.instance.oc1.phx.anyhqljt6gc7n2ycph3p4pdauvbxdcev6z47jz76xca3c4lzhtthkjnerfha,ocid1.compartment.oc1..aaaaaaaa6zne3brnyivu4gnqeobwukjscw57mv73yutewmxl2i34hev5tpda
cman-1,RUNNING,,10.0.4.223,VM.Standard2.16,16,240,0,phx,VnTy:PHX-AD-1,FAULT-DOMAIN-2,2021-09-13 21:24:05.321 +0000 UTC,ocid1.instance.oc1.phx.anyhqljt6gc7n2ycdofo76lhnkeo3vfyt5td5leyd7pujnjrgxvp7ywbinnq,ocid1.compartment.oc1..aaaaaaaa6zne3brnyivu4gnqeobwukjscw57mv73yutewmxl2i34hev5tpda
cman-4,RUNNING,,10.0.4.26,VM.Standard2.24,24,320,0,phx,VnTy:PHX-AD-1,FAULT-DOMAIN-2,2024-03-21 17:43:17.725 +0000 UTC,ocid1.instance.oc1.phx.anyhqljt6gc7n2yczfb55ei6zcesjhgvxlzpew6b6peovseykyqrfuhqf6wa,ocid1.compartment.oc1..aaaaaaaa6zne3brnyivu4gnqeobwukjscw57mv73yutewmxl2i34hev5tpda
ctrl-1,RUNNING,138.1.150.55,10.0.16.71,VM.DenseIO2.16,16,240,0,phx,VnTy:PHX-AD-1,FAULT-DOMAIN-1,2021-03-24 21:35:55.158 +0000 UTC,ocid1.instance.oc1.phx.anyhqljt6gc7n2yc2czrsqrtthzihgh5ipv7dn4um36l3u3mbssa6nzauwyq,ocid1.compartment.oc1..aaaaaaaa6zne3brnyivu4gnqeobwukjscw57mv73yutewmxl2i34hev5tpda
ctrl-4,RUNNING,130.35.15.66,10.0.16.61,VM.DenseIO2.16,16,240,0,phx,VnTy:PHX-AD-1,FAULT-DOMAIN-3,2020-06-18 17:37:15.619 +0000 UTC,ocid1.instance.oc1.phx.anyhqljt6gc7n2ycstviyw2zs5i4xy67aqwsf3px5fxbavljpjnff2thha3q,ocid1.compartment.oc1..aaaaaaaa6zne3brnyivu4gnqeobwukjscw57mv73yutewmxl2i34hev5tpda
dac-1,RUNNING,,10.0.4.94,VM.Standard.E4.Flex,8,128,0,phx,VnTy:PHX-AD-1,FAULT-DOMAIN-3,2023-02-28 21:45:15.177 +0000 UTC,ocid1.instance.oc1.phx.anyhqljt6gc7n2ycfzy2rjirobw44gplra64zbjewj4geuuchxsg3qb4ac3q,ocid1.compartment.oc1..aaaaaaaa6zne3brnyivu4gnqeobwukjscw57mv73yutewmxl2i34hev5tpda
dns-1,RUNNING,,10.0.6.4,VM.Standard.E3.Flex,8,128,0,phx,VnTy:PHX-AD-1,FAULT-DOMAIN-1,2022-07-11 19:07:48.281 +0000 UTC,ocid1.instance.oc1.phx.anyhqljt6gc7n2ycebjrboqfqw3hqjgcq7fybfrx6cfdkqxchndbo753mnnq,ocid1.compartment.oc1..aaaaaaaa6zne3brnyivu4gnqeobwukjscw57mv73yutewmxl2i34hev5tpda
extproc-agent,RUNNING,138.1.148.171,10.0.0.5,VM.Standard.E4.Flex,4,64,0,phx,VnTy:PHX-AD-1,FAULT-DOMAIN-2,2024-03-16 03:11:56.203 +0000 UTC,ocid1.instance.oc1.phx.anyhqljt6gc7n2ycdn2wirfwkhlh2ancdvpao6g7ph5sotuimphafcdc23qq,ocid1.compartment.oc1..aaaaaaaa6zne3brnyivu4gnqeobwukjscw57mv73yutewmxl2i34hev5tpda
extproc-agent,RUNNING,138.1.146.158,10.0.1.168,VM.Standard.E4.Flex,2,32,0,phx,VnTy:PHX-AD-1,FAULT-DOMAIN-1,2024-03-12 02:40:29.671 +0000 UTC,ocid1.instance.oc1.phx.anyhqljt6gc7n2ycdwlw2btrlkbf2jvddoln7qeuggywcy6cuor4la23alhq,ocid1.compartment.oc1..aaaaaaaa6zne3brnyivu4gnqeobwukjscw57mv73yutewmxl2i34hev5tpda
extproc-agent,RUNNING,138.1.146.25,10.0.1.202,VM.Standard.E3.Flex,4,64,0,phx,VnTy:PHX-AD-1,FAULT-DOMAIN-2,2024-03-08 13:11:39.575 +0000 UTC,ocid1.instance.oc1.phx.anyhqljt6gc7n2ycgwjktandhb3ufzo4mqjymh27iddd6wgpxqwjyrkakivq,ocid1.compartment.oc1..aaaaaaaa6zne3brnyivu4gnqeobwukjscw57mv73yutewmxl2i34hev5tpda
extproc-agent,RUNNING,138.1.159.197,10.0.1.194,VM.Standard.E3.Flex,2,32,0,phx,VnTy:PHX-AD-1,FAULT-DOMAIN-2,2024-03-11 13:14:45.608 +0000 UTC,ocid1.instance.oc1.phx.anyhqljt6gc7n2ycoidwqmrgafgbjdbtyajnta5jywwdpoqtfxznr3khdt4q,ocid1.compartment.oc1..aaaaaaaa6zne3brnyivu4gnqeobwukjscw57mv73yutewmxl2i34hev5tpda
extproc-agent,RUNNING,138.1.149.12,10.0.0.10,VM.Standard.E3.Flex,2,16,0,phx,VnTy:PHX-AD-1,FAULT-DOMAIN-2,2024-03-12 05:46:53.879 +0000 UTC,ocid1.instance.oc1.phx.anyhqljt6gc7n2ycrccbcw6dp4kzmbbehmh6imw6xvsralb4yncurozth47q,ocid1.compartment.oc1..aaaaaaaa6zne3brnyivu4gnqeobwukjscw57mv73yutewmxl2i34hev5tpda
extproc-agent,RUNNING,138.1.144.225,10.0.1.231,VM.Standard.E3.Flex,2,37,0,phx,VnTy:PHX-AD-1,FAULT-DOMAIN-1,2024-03-12 04:15:51.56 +0000 UTC,ocid1.instance.oc1.phx.anyhqljt6gc7n2ycvoa7jvln27nvwnhdiwaewcjfboj353gq6wq6j2rwgrbq,ocid1.compartment.oc1..aaaaaaaa6zne3brnyivu4gnqeobwukjscw57mv73yutewmxl2i34hev5tpda
extproc-testing,RUNNING,130.35.15.109,10.0.16.206,VM.Standard.E4.Flex,16,256,0,phx,VnTy:PHX-AD-1,FAULT-DOMAIN-3,2023-01-20 21:28:47.144 +0000 UTC,ocid1.instance.oc1.phx.anyhqljt6gc7n2yctrpxsotq37mkhenp2xrnsztxc2tremdnf3hxi3774jxq,ocid1.compartment.oc1..aaaaaaaa6zne3brnyivu4gnqeobwukjscw57mv73yutewmxl2i34hev5tpda
extproc_pe_instance,RUNNING,,10.0.3.55,VM.Standard3.Flex,1,8,0,phx,VnTy:PHX-AD-1,FAULT-DOMAIN-2,2023-02-07 04:16:49.685 +0000 UTC,ocid1.instance.oc1.phx.anyhqljt6gc7n2ycni2lm76wfwml2c5koejjwtms5i36awr3pyw5dirawrcq,ocid1.compartment.oc1..aaaaaaaa6zne3brnyivu4gnqeobwukjscw57mv73yutewmxl2i34hev5tpda
extproc_pe_instance,STOPPED,,10.0.3.35,VM.Standard.E4.Flex,1,8,0,phx,VnTy:PHX-AD-1,FAULT-DOMAIN-1,2023-02-06 22:26:51.951 +0000 UTC,ocid1.instance.oc1.phx.anyhqljt6gc7n2yctinmchtdinqsudwrxvmzcryz6dgebxaukam3sowwnmcq,ocid1.compartment.oc1..aaaaaaaa6zne3brnyivu4gnqeobwukjscw57mv73yutewmxl2i34hev5tpda
fbpod-1,RUNNING,130.35.12.135,10.0.18.74,VM.DenseIO2.16,16,240,0,phx,VnTy:PHX-AD-1,FAULT-DOMAIN-1,2024-03-09 18:47:27.979 +0000 UTC,ocid1.instance.oc1.phx.anyhqljt6gc7n2yc3jzxinl46wvl2ttlhhlpzrfnuo7gcxaovpbmmftftgwq,ocid1.compartment.oc1..aaaaaaaa6zne3brnyivu4gnqeobwukjscw57mv73yutewmxl2i34hev5tpda
gracp-1,RUNNING,,10.0.6.226,VM.Standard.E3.Flex,8,128,0,phx,VnTy:PHX-AD-1,FAULT-DOMAIN-2,2022-07-12 16:52:23.22 +0000 UTC,ocid1.instance.oc1.phx.anyhqljt6gc7n2ycoypswgfgor532ugn723yt4hniewtkv6o5qivwc7oju6q,ocid1.compartment.oc1..aaaaaaaa6zne3brnyivu4gnqeobwukjscw57mv73yutewmxl2i34hev5tpda
gway-1,RUNNING,138.1.146.183,10.0.17.10,VM.Standard.E3.Flex,8,128,0,phx,VnTy:PHX-AD-1,FAULT-DOMAIN-3,2022-07-11 21:35:19.25 +0000 UTC,ocid1.instance.oc1.phx.anyhqljt6gc7n2ycf76nzrxsonjvbhmzdfed3sdbkuz3epqyuctl4gfb54ga,ocid1.compartment.oc1..aaaaaaaa6zne3brnyivu4gnqeobwukjscw57mv73yutewmxl2i34hev5tpda
instance-20211210-1725,STOPPED,138.1.146.128,10.0.4.115,VM.Standard.E4.Flex,1,16,0,phx,VnTy:PHX-AD-1,FAULT-DOMAIN-1,2021-12-11 01:27:00.575 +0000 UTC,ocid1.instance.oc1.phx.anyhqljt6gc7n2ycpiwhq2emp2m6yxiazhsvqfmm47aiu7yrz7ykha7iox5q,ocid1.compartment.oc1..aaaaaaaa6zne3brnyivu4gnqeobwukjscw57mv73yutewmxl2i34hev5tpda
instance-20230906-1939,RUNNING,130.35.142.10,10.0.0.254,VM.Standard.E4.Flex,1,16,0,phx,VnTy:PHX-AD-1,FAULT-DOMAIN-1,2023-09-06 14:10:15.143 +0000 UTC,ocid1.instance.oc1.phx.anyhqljt6gc7n2ycxirgv7pdl2bvuhtm5zgp7ethxl432dhyrc76jsifntmq,ocid1.compartment.oc1..aaaaaaaa6zne3brnyivu4gnqeobwukjscw57mv73yutewmxl2i34hev5tpda
jen-1,RUNNING,138.1.154.50,10.0.1.90,VM.Standard2.8,8,120,0,phx,VnTy:PHX-AD-1,FAULT-DOMAIN-2,2020-05-22 21:08:43.134 +0000 UTC,ocid1.instance.oc1.phx.anyhqljt6gc7n2ycpuo6rxew23kvn6kysohqgr5loeowpsjlrct4vuholdma,ocid1.compartment.oc1..aaaaaaaa6zne3brnyivu4gnqeobwukjscw57mv73yutewmxl2i34hev5tpda
jpm-quais_eval,RUNNING,,10.0.19.117,BM.Standard.E4.128,128,2048,0,phx,VnTy:PHX-AD-1,FAULT-DOMAIN-2,2023-02-15 04:07:35.261 +0000 UTC,ocid1.instance.oc1.phx.anyhqljt6gc7n2yckwduflvuvbqc4xjrb7ykkrkfn736cxj7kwjjuivoloda,ocid1.compartment.oc1..aaaaaaaa6zne3brnyivu4gnqeobwukjscw57mv73yutewmxl2i34hev5tpda
json-1,RUNNING,,10.0.4.177,VM.Standard.E3.Flex,8,128,0,phx,VnTy:PHX-AD-1,FAULT-DOMAIN-2,2022-07-12 10:11:23.184 +0000 UTC,ocid1.instance.oc1.phx.anyhqljt6gc7n2yc2sgympqpcf3p3tkaaxm3euiexj44lkkkxrnsfrrovkoq,ocid1.compartment.oc1..aaaaaaaa6zne3brnyivu4gnqeobwukjscw57mv73yutewmxl2i34hev5tpda
jump-mon-1,RUNNING,130.35.14.232,10.1.1.85,VM.Standard2.8,8,120,0,phx,VnTy:PHX-AD-1,FAULT-DOMAIN-2,2024-03-13 14:56:10.657 +0000 UTC,ocid1.instance.oc1.phx.anyhqljt6gc7n2yczdssf7sekarqw4xzvg2jn4i7sjfs57hm6cbprnm7jdwq,ocid1.compartment.oc1..aaaaaaaa6zne3brnyivu4gnqeobwukjscw57mv73yutewmxl2i34hev5tpda
jump1,RUNNING,130.35.143.232,10.0.1.86,VM.Standard2.4,4,60,0,phx,VnTy:PHX-AD-1,FAULT-DOMAIN-2,2019-06-27 02:40:56.39 +0000 UTC,ocid1.instance.oc1.phx.abyhqljt3dbaugyupluywjc6da76q7jctnjhmosrivedmldek63jlosbn2bq,ocid1.compartment.oc1..aaaaaaaa6zne3brnyivu4gnqeobwukjscw57mv73yutewmxl2i34hev5tpda
jump1-bas-preprod,RUNNING,,172.16.1.82,VM.Standard2.2,2,30,0,phx,VnTy:PHX-AD-1,FAULT-DOMAIN-2,2020-05-25 06:16:05.227 +0000 UTC,ocid1.instance.oc1.phx.anyhqljt6gc7n2ycv7sggh5bm6cboigomzjd5egyycdshzhqzyyuj726uvca,ocid1.compartment.oc1..aaaaaaaa6zne3brnyivu4gnqeobwukjscw57mv73yutewmxl2i34hev5tpda
jump2-preprod,RUNNING,130.35.143.20,10.0.1.92,VM.Standard2.16,16,240,0,phx,VnTy:PHX-AD-1,FAULT-DOMAIN-2,2024-03-05 21:03:49.696 +0000 UTC,ocid1.instance.oc1.phx.anyhqljt6gc7n2yc746nkm4xqopgmpd2o42imesuye7n4aa2ii57jmi2ddla,ocid1.compartment.oc1..aaaaaaaa6zne3brnyivu4gnqeobwukjscw57mv73yutewmxl2i34hev5tpda
logr-1,RUNNING,138.1.150.154,10.0.0.247,VM.Standard2.8,8,120,0,phx,VnTy:PHX-AD-1,FAULT-DOMAIN-1,2021-01-21 06:57:53.966 +0000 UTC,ocid1.instance.oc1.phx.anyhqljt6gc7n2yc255t5z4uxnt23r6vn2pgw7hjrgvfnkr7xg42bixthh7q,ocid1.compartment.oc1..aaaaaaaa6zne3brnyivu4gnqeobwukjscw57mv73yutewmxl2i34hev5tpda
met-1,RUNNING,,10.0.4.42,VM.Standard2.8,8,120,0,phx,VnTy:PHX-AD-1,FAULT-DOMAIN-2,2020-06-10 20:19:18.148 +0000 UTC,ocid1.instance.oc1.phx.anyhqljt6gc7n2ycwiimtqiqt3oten745smdzjvn7w2eyiivft4wypxuwglq,ocid1.compartment.oc1..aaaaaaaa6zne3brnyivu4gnqeobwukjscw57mv73yutewmxl2i34hev5tpda
mon-1,RUNNING,,10.1.0.195,VM.Standard2.8,8,120,0,phx,VnTy:PHX-AD-1,FAULT-DOMAIN-2,2024-03-13 14:56:10.598 +0000 UTC,ocid1.instance.oc1.phx.anyhqljt6gc7n2yc5gljhtsbrzmlz7lgezj3ipt2pq4kz2oj364wrynadaca,ocid1.compartment.oc1..aaaaaaaa6zne3brnyivu4gnqeobwukjscw57mv73yutewmxl2i34hev5tpda
mysql-adb-router,RUNNING,138.1.157.255,10.0.1.22,VM.Standard.E4.Flex,1,16,0,phx,VnTy:PHX-AD-1,FAULT-DOMAIN-3,2021-11-10 07:11:58.096 +0000 UTC,ocid1.instance.oc1.phx.anyhqljt6gc7n2yckvcromtpkjhaqykwjnolgyintcif7buzkbtso2mj7c5q,ocid1.compartment.oc1..aaaaaaaa6zne3brnyivu4gnqeobwukjscw57mv73yutewmxl2i34hev5tpda
mysqlc-gway-testing,RUNNING,138.1.148.113,10.0.1.89,VM.Standard.E4.Flex,8,128,0,phx,VnTy:PHX-AD-1,FAULT-DOMAIN-1,2023-06-12 16:35:27.519 +0000 UTC,ocid1.instance.oc1.phx.anyhqljt6gc7n2ycngz622whb56jcrcxy4qbmmot2jhzrugkwqx6tjrw3n3q,ocid1.compartment.oc1..aaaaaaaa6zne3brnyivu4gnqeobwukjscw57mv73yutewmxl2i34hev5tpda
mysqlee-gway-testing,RUNNING,130.35.12.9,10.0.1.94,VM.Standard.E4.Flex,8,128,0,phx,VnTy:PHX-AD-1,FAULT-DOMAIN-1,2023-06-12 16:35:27.429 +0000 UTC,ocid1.instance.oc1.phx.anyhqljt6gc7n2yc5fux2bzt7gnb3dx2h7dfhieit7qbcyu3jijnqkbulkza,ocid1.compartment.oc1..aaaaaaaa6zne3brnyivu4gnqeobwukjscw57mv73yutewmxl2i34hev5tpda
nginx-1,RUNNING,,10.0.7.167,VM.Standard.E3.Flex,16,256,0,phx,VnTy:PHX-AD-1,FAULT-DOMAIN-2,2022-07-14 14:43:22.056 +0000 UTC,ocid1.instance.oc1.phx.anyhqljt6gc7n2ycshf74lkgdgr7ox5jcwgf2jebkc4l3yk7445avuhucjda,ocid1.compartment.oc1..aaaaaaaa6zne3brnyivu4gnqeobwukjscw57mv73yutewmxl2i34hev5tpda
odi-1,RUNNING,,10.0.4.4,VM.Standard.E3.Flex,2,32,0,phx,VnTy:PHX-AD-1,FAULT-DOMAIN-2,2021-11-11 21:35:11.389 +0000 UTC,ocid1.instance.oc1.phx.anyhqljt6gc7n2ycvd7okvk64fbadluuv6pdzv3p64sonp7myfmmhptc622q,ocid1.compartment.oc1..aaaaaaaa6zne3brnyivu4gnqeobwukjscw57mv73yutewmxl2i34hev5tpda
oke-cfxxxk3zyaq-n6ik7uqbsxa-skc73a6w7wa-0,RUNNING,,10.0.254.99,VM.Standard.E3.Flex,1,16,0,phx,VnTy:PHX-AD-1,FAULT-DOMAIN-1,2023-08-30 11:49:11.133 +0000 UTC,ocid1.instance.oc1.phx.anyhqljt6gc7n2yce2zylwmcnat32gfztxszazc27k42tho3k4vhjtcxnmka,ocid1.compartment.oc1..aaaaaaaa6zne3brnyivu4gnqeobwukjscw57mv73yutewmxl2i34hev5tpda
oke-cfxxxk3zyaq-n6ik7uqbsxa-skc73a6w7wa-1,RUNNING,,10.0.254.118,VM.Standard.E3.Flex,1,16,0,phx,VnTy:PHX-AD-1,FAULT-DOMAIN-2,2023-08-30 11:49:12.305 +0000 UTC,ocid1.instance.oc1.phx.anyhqljt6gc7n2yck7wbiqlnozg5mh45czfccnyeyo3ptnt567zefqmdnflq,ocid1.compartment.oc1..aaaaaaaa6zne3brnyivu4gnqeobwukjscw57mv73yutewmxl2i34hev5tpda
oke-cfxxxk3zyaq-ncf5wv7ggua-skc73a6w7wa-0,RUNNING,,10.0.255.76,VM.Standard.E3.Flex,6,96,0,phx,VnTy:PHX-AD-1,FAULT-DOMAIN-1,2023-08-30 12:17:03.61 +0000 UTC,ocid1.instance.oc1.phx.anyhqljt6gc7n2ycjwinlxvm2uxjy23swuuxzhlbnw5s2rdt2vusohl7nlva,ocid1.compartment.oc1..aaaaaaaa6zne3brnyivu4gnqeobwukjscw57mv73yutewmxl2i34hev5tpda
oke-cfxxxk3zyaq-ncf5wv7ggua-skc73a6w7wa-1,RUNNING,,10.0.255.112,VM.Standard.E3.Flex,6,96,0,phx,VnTy:PHX-AD-1,FAULT-DOMAIN-2,2023-08-30 12:17:04.872 +0000 UTC,ocid1.instance.oc1.phx.anyhqljt6gc7n2ycr2ptzfyfebxypegd73cqm7sqfkn4bp5oaonjaw5ag2qa,ocid1.compartment.oc1..aaaaaaaa6zne3brnyivu4gnqeobwukjscw57mv73yutewmxl2i34hev5tpda
oke-cfxxxk3zyaq-nyxgxoxxuxa-skc73a6w7wa-0,RUNNING,,10.0.255.9,VM.Standard.E4.Flex,8,128,0,phx,VnTy:PHX-AD-1,FAULT-DOMAIN-1,2023-02-17 23:52:57.073 +0000 UTC,ocid1.instance.oc1.phx.anyhqljt6gc7n2ycbz7br43ge6qrn2rztcr3mdaugjq7s2652oqb2qzklzta,ocid1.compartment.oc1..aaaaaaaa6zne3brnyivu4gnqeobwukjscw57mv73yutewmxl2i34hev5tpda
oke-cfxxxk3zyaq-nyxgxoxxuxa-skc73a6w7wa-1,RUNNING,,10.0.255.72,VM.Standard.E4.Flex,8,128,0,phx,VnTy:PHX-AD-1,FAULT-DOMAIN-2,2023-02-18 01:01:34.443 +0000 UTC,ocid1.instance.oc1.phx.anyhqljt6gc7n2ycdh7c26xvbpb45cdn3jcvof3ngrib6cwuiuyjz4fwfmhq,ocid1.compartment.oc1..aaaaaaaa6zne3brnyivu4gnqeobwukjscw57mv73yutewmxl2i34hev5tpda
oke-cfxxxk3zyaq-nyxgxoxxuxa-skc73a6w7wa-2,RUNNING,,10.0.254.64,VM.Standard.E4.Flex,8,128,0,phx,VnTy:PHX-AD-1,FAULT-DOMAIN-3,2023-05-03 18:13:17.983 +0000 UTC,ocid1.instance.oc1.phx.anyhqljt6gc7n2ycocvztfj3d4wsw4a4agdpgjzdgji56np4qasxy73ramaa,ocid1.compartment.oc1..aaaaaaaa6zne3brnyivu4gnqeobwukjscw57mv73yutewmxl2i34hev5tpda
oml-1,RUNNING,,10.0.7.16,VM.Standard.E3.Flex,8,128,0,phx,VnTy:PHX-AD-1,FAULT-DOMAIN-1,2022-09-20 21:08:32.133 +0000 UTC,ocid1.instance.oc1.phx.anyhqljt6gc7n2yckbxgqdume376ogrktvkbilt6xidzzdo5okrqkuldwcmq,ocid1.compartment.oc1..aaaaaaaa6zne3brnyivu4gnqeobwukjscw57mv73yutewmxl2i34hev5tpda
omlmod-1,RUNNING,,10.0.4.25,VM.Standard.E3.Flex,8,128,0,phx,VnTy:PHX-AD-1,FAULT-DOMAIN-2,2022-07-14 14:43:31.677 +0000 UTC,ocid1.instance.oc1.phx.anyhqljt6gc7n2yckm5luttpplgwyyahkmou3lpnnxgptftkcjijvxprouwq,ocid1.compartment.oc1..aaaaaaaa6zne3brnyivu4gnqeobwukjscw57mv73yutewmxl2i34hev5tpda
onprem_db_public1,RUNNING,138.1.151.136,10.0.1.126,VM.Standard.E4.Flex,1,16,0,phx,VnTy:PHX-AD-1,FAULT-DOMAIN-3,2022-04-28 10:55:31.322 +0000 UTC,ocid1.instance.oc1.phx.anyhqljt6gc7n2ycrz5jj4mjgkaeqkd3bmidc36e4xnd6cvbct4opmytx72q,ocid1.compartment.oc1..aaaaaaaa6zne3brnyivu4gnqeobwukjscw57mv73yutewmxl2i34hev5tpda
onprem_tcp2,RUNNING,,10.0.3.21,VM.Standard.E4.Flex,1,16,0,phx,VnTy:PHX-AD-1,FAULT-DOMAIN-3,2022-04-05 16:57:49.168 +0000 UTC,ocid1.instance.oc1.phx.anyhqljt6gc7n2ycv24tip2ua3t46woukjx5mkwn4ztfba4zvh4kk6sbmcya,ocid1.compartment.oc1..aaaaaaaa6zne3brnyivu4gnqeobwukjscw57mv73yutewmxl2i34hev5tpda
onpremtest6,RUNNING,,10.0.3.189,VM.Standard2.4,4,60,0,phx,VnTy:PHX-AD-1,FAULT-DOMAIN-1,2021-11-03 05:07:00.025 +0000 UTC,ocid1.instance.oc1.phx.anyhqljt6gc7n2yc3ki7ygrsvvyij47eecpeyxfn6chega4f4jvym76sa76a,ocid1.compartment.oc1..aaaaaaaa6zne3brnyivu4gnqeobwukjscw57mv73yutewmxl2i34hev5tpda
ordswls-1,RUNNING,,10.0.6.91,VM.Standard.E4.Flex,8,128,0,phx,VnTy:PHX-AD-1,FAULT-DOMAIN-1,2023-09-26 19:04:50.579 +0000 UTC,ocid1.instance.oc1.phx.anyhqljt6gc7n2ycukptsxy5gckfcicgtuils4tuvgifntdr3pq3nkehmfja,ocid1.compartment.oc1..aaaaaaaa6zne3brnyivu4gnqeobwukjscw57mv73yutewmxl2i34hev5tpda
osch-1,RUNNING,,10.0.5.210,VM.Standard.E4.Flex,16,256,0,phx,VnTy:PHX-AD-1,FAULT-DOMAIN-3,2023-03-28 17:51:53.139 +0000 UTC,ocid1.instance.oc1.phx.anyhqljt6gc7n2yczo2yv7xomt7n2kopf66c654awckvf3mrnhgvxzl3fq2q,ocid1.compartment.oc1..aaaaaaaa6zne3brnyivu4gnqeobwukjscw57mv73yutewmxl2i34hev5tpda
peonpremtest1,RUNNING,,10.0.3.207,VM.Standard.E4.Flex,1,16,0,phx,VnTy:PHX-AD-1,FAULT-DOMAIN-2,2021-09-16 07:55:27.353 +0000 UTC,ocid1.instance.oc1.phx.anyhqljt6gc7n2ycmmrjlixcnqhray62x2e6mymo7naegggd2msfkxc6muvq,ocid1.compartment.oc1..aaaaaaaa6zne3brnyivu4gnqeobwukjscw57mv73yutewmxl2i34hev5tpda
peonpremtest2,STOPPED,,10.0.3.222,VM.Standard.E4.Flex,1,16,0,phx,VnTy:PHX-AD-1,FAULT-DOMAIN-2,2021-09-16 12:53:44.489 +0000 UTC,ocid1.instance.oc1.phx.anyhqljt6gc7n2ycfy7352ymf2owrulj66liikwxd23eyxhxoihpjcts4mpa,ocid1.compartment.oc1..aaaaaaaa6zne3brnyivu4gnqeobwukjscw57mv73yutewmxl2i34hev5tpda
postgres-gway-testing,RUNNING,138.1.153.101,10.0.1.84,VM.Standard2.8,8,120,0,phx,VnTy:PHX-AD-1,FAULT-DOMAIN-3,2022-08-30 18:00:34.9 +0000 UTC,ocid1.instance.oc1.phx.anyhqljt6gc7n2ycdwivfs7iecfb4m3uprnl5q4wwtf5ejfl7dhgubetpgpa,ocid1.compartment.oc1..aaaaaaaa6zne3brnyivu4gnqeobwukjscw57mv73yutewmxl2i34hev5tpda
ppv2_priv,RUNNING,,30.0.2.113,VM.Standard.E4.Flex,1,16,0,phx,VnTy:PHX-AD-1,FAULT-DOMAIN-3,2023-10-11 19:17:44.038 +0000 UTC,ocid1.instance.oc1.phx.anyhqljt6gc7n2ycqurtpoav6mwuli3vio2pykj7bcghymkcffshei64ptiq,ocid1.compartment.oc1..aaaaaaaa6zne3brnyivu4gnqeobwukjscw57mv73yutewmxl2i34hev5tpda
ppv2_pub,RUNNING,138.1.144.44,30.0.1.102,VM.Standard.E4.Flex,1,16,0,phx,VnTy:PHX-AD-1,FAULT-DOMAIN-3,2023-10-11 19:09:48.194 +0000 UTC,ocid1.instance.oc1.phx.anyhqljt6gc7n2ycdox3qguwnio3n5onpmm3xhvjd4arsrzskkzbpx3fp43q,ocid1.compartment.oc1..aaaaaaaa6zne3brnyivu4gnqeobwukjscw57mv73yutewmxl2i34hev5tpda
private-pe-1,RUNNING,,10.0.3.5,VM.Standard2.2,2,30,0,phx,VnTy:PHX-AD-1,FAULT-DOMAIN-3,2020-05-13 11:37:59.72 +0000 UTC,ocid1.instance.oc1.phx.anyhqljt6gc7n2ycqy6hbsaxavletlvu2azub7nmpugnjdh4obsizcm2joua,ocid1.compartment.oc1..aaaaaaaa6zne3brnyivu4gnqeobwukjscw57mv73yutewmxl2i34hev5tpda
private-pe-2,RUNNING,,10.0.3.183,VM.Standard.E4.Flex,1,16,0,phx,VnTy:PHX-AD-1,FAULT-DOMAIN-1,2023-11-09 20:07:09.712 +0000 UTC,ocid1.instance.oc1.phx.anyhqljt6gc7n2ycxk3fbo3t66tychunga62wwlhxwu6nouko7sxgbewopra,ocid1.compartment.oc1..aaaaaaaa6zne3brnyivu4gnqeobwukjscw57mv73yutewmxl2i34hev5tpda
private-rce-dblink-vm-1,RUNNING,,10.0.3.168,VM.Standard.E4.Flex,1,16,0,phx,VnTy:PHX-AD-1,FAULT-DOMAIN-3,2021-10-22 23:41:16.646 +0000 UTC,ocid1.instance.oc1.phx.anyhqljt6gc7n2yc5jglcpw5argisfgzdfqbnua4karvny3t2vxjmgkknz6a,ocid1.compartment.oc1..aaaaaaaa6zne3brnyivu4gnqeobwukjscw57mv73yutewmxl2i34hev5tpda
privatePEPA,STOPPED,,10.0.3.3,VM.Standard2.1,1,15,0,phx,VnTy:PHX-AD-1,FAULT-DOMAIN-2,2020-04-13 06:02:26.825 +0000 UTC,ocid1.instance.oc1.phx.anyhqljt6gc7n2ycnoq34wnyisdui7zbihmyoxfkv2zmb4rqplmt6fwbzrwa,ocid1.compartment.oc1..aaaaaaaa6zne3brnyivu4gnqeobwukjscw57mv73yutewmxl2i34hev5tpda
privvcn2,RUNNING,,20.0.1.242,VM.Standard2.2,2,30,0,phx,VnTy:PHX-AD-1,FAULT-DOMAIN-3,2021-07-28 21:38:01.179 +0000 UTC,ocid1.instance.oc1.phx.anyhqljt6gc7n2ycubqnygpsotz62jswkcdwjlijcnrv3vqdhphat5baag5q,ocid1.compartment.oc1..aaaaaaaa6zne3brnyivu4gnqeobwukjscw57mv73yutewmxl2i34hev5tpda
privvcn2ajd,RUNNING,,20.0.1.209,VM.Standard.E4.Flex,1,16,0,phx,VnTy:PHX-AD-1,FAULT-DOMAIN-1,2023-08-22 05:20:29.18 +0000 UTC,ocid1.instance.oc1.phx.anyhqljt6gc7n2ycbsuhi5pu6fnictzms2fhivinqmoupgiefj5ughdub6aa,ocid1.compartment.oc1..aaaaaaaa6zne3brnyivu4gnqeobwukjscw57mv73yutewmxl2i34hev5tpda
public-pe-1,RUNNING,130.35.15.238,10.0.1.2,VM.Standard2.1,1,15,0,phx,VnTy:PHX-AD-1,FAULT-DOMAIN-1,2020-05-13 10:52:55.779 +0000 UTC,ocid1.instance.oc1.phx.anyhqljt6gc7n2ychxuzqvnikowqjpozilxxdxbieekwp2yzaadi5ruthwkq,ocid1.compartment.oc1..aaaaaaaa6zne3brnyivu4gnqeobwukjscw57mv73yutewmxl2i34hev5tpda
public-pe-2,RUNNING,138.1.155.45,10.0.4.2,VM.Standard2.1,1,15,0,phx,VnTy:PHX-AD-1,FAULT-DOMAIN-2,2020-05-20 09:29:11.004 +0000 UTC,ocid1.instance.oc1.phx.anyhqljt6gc7n2ycmdyzfxb2atw5svilubh2r44eiyt7rzgpofub4nud5t3q,ocid1.compartment.oc1..aaaaaaaa6zne3brnyivu4gnqeobwukjscw57mv73yutewmxl2i34hev5tpda
public-pe-3,RUNNING,138.1.159.66,10.0.4.133,VM.Standard.E4.Flex,1,16,0,phx,VnTy:PHX-AD-1,FAULT-DOMAIN-2,2021-12-15 21:41:20.882 +0000 UTC,ocid1.instance.oc1.phx.anyhqljt6gc7n2yc5z4wrmg3sxrr3einicbdfm2hdxfruksi7ioz5sc4hsza,ocid1.compartment.oc1..aaaaaaaa6zne3brnyivu4gnqeobwukjscw57mv73yutewmxl2i34hev5tpda
pubvcn2,RUNNING,138.1.150.72,20.0.4.55,VM.Standard.E4.Flex,1,16,0,phx,VnTy:PHX-AD-1,FAULT-DOMAIN-3,2021-07-23 04:58:18.145 +0000 UTC,ocid1.instance.oc1.phx.anyhqljt6gc7n2yca52csqinm62attcvx7kashhynbdczugbpd6x4ad3eloa,ocid1.compartment.oc1..aaaaaaaa6zne3brnyivu4gnqeobwukjscw57mv73yutewmxl2i34hev5tpda
pubvcn2ajd,RUNNING,138.1.145.68,20.0.4.240,VM.Standard.E4.Flex,1,16,0,phx,VnTy:PHX-AD-1,FAULT-DOMAIN-1,2023-08-22 05:10:58.658 +0000 UTC,ocid1.instance.oc1.phx.anyhqljt6gc7n2yc23ujquddri6ktta6iulw7mnonebtj62z73trfvnh5cfa,ocid1.compartment.oc1..aaaaaaaa6zne3brnyivu4gnqeobwukjscw57mv73yutewmxl2i34hev5tpda
pubvmpepa,RUNNING,138.1.156.155,10.0.1.4,VM.Standard2.1,1,15,0,phx,VnTy:PHX-AD-1,FAULT-DOMAIN-2,2020-03-18 09:26:56.844 +0000 UTC,ocid1.instance.oc1.phx.anyhqljt6gc7n2ycfsep4jvzxog5bpgngaaa42agwux4jacsatpqec5ps2jq,ocid1.compartment.oc1..aaaaaaaa6zne3brnyivu4gnqeobwukjscw57mv73yutewmxl2i34hev5tpda
qa-s2s-test,RUNNING,138.1.157.168,10.0.4.208,VM.Standard.E4.Flex,1,8,0,phx,VnTy:PHX-AD-1,FAULT-DOMAIN-3,2022-11-11 00:37:36.98 +0000 UTC,ocid1.instance.oc1.phx.anyhqljt6gc7n2yc25xlh23i2a35nqds3vnl2k2hudh5jip3etalpxedugcq,ocid1.compartment.oc1..aaaaaaaa6zne3brnyivu4gnqeobwukjscw57mv73yutewmxl2i34hev5tpda
rbpod-1,RUNNING,138.1.156.175,10.0.200.142,VM.Standard.E4.Flex,24,384,0,phx,VnTy:PHX-AD-1,FAULT-DOMAIN-1,2023-09-06 17:18:22.459 +0000 UTC,ocid1.instance.oc1.phx.anyhqljt6gc7n2yce2fqkcmbrv435q5iwkleef25flnzrcracrkcgfi3zzra,ocid1.compartment.oc1..aaaaaaaa6zne3brnyivu4gnqeobwukjscw57mv73yutewmxl2i34hev5tpda
rc-1,RUNNING,,10.0.5.135,VM.Standard.E3.Flex,8,128,0,phx,VnTy:PHX-AD-1,FAULT-DOMAIN-3,2022-07-13 18:44:43.933 +0000 UTC,ocid1.instance.oc1.phx.anyhqljt6gc7n2ycrvqhc3fqyot2gpawktq2rlybsmzw6hxngxz7olugbntq,ocid1.compartment.oc1..aaaaaaaa6zne3brnyivu4gnqeobwukjscw57mv73yutewmxl2i34hev5tpda
rce-ad-vm,RUNNING,,10.0.3.50,VM.Standard.E4.Flex,1,16,0,phx,VnTy:PHX-AD-1,FAULT-DOMAIN-1,2021-12-10 23:16:42.41 +0000 UTC,ocid1.instance.oc1.phx.anyhqljt6gc7n2ycdlt3ori5ggtj25s7bkiely2vpx54jsfowcaj5uryho6q,ocid1.compartment.oc1..aaaaaaaa6zne3brnyivu4gnqeobwukjscw57mv73yutewmxl2i34hev5tpda
rce_vm1,RUNNING,,172.17.23.21,VM.Standard2.2,2,30,0,phx,VnTy:PHX-AD-1,FAULT-DOMAIN-2,2021-11-30 18:28:12.696 +0000 UTC,ocid1.instance.oc1.phx.anyhqljt6gc7n2yc25to6odj3vxe4q3m5qvc7vaolqn4in7sumfwmjrbylwq,ocid1.compartment.oc1..aaaaaaaa6zne3brnyivu4gnqeobwukjscw57mv73yutewmxl2i34hev5tpda
sbpod-1,RUNNING,,10.0.4.64,BM.DenseIO2.52,52,768,0,phx,VnTy:PHX-AD-1,FAULT-DOMAIN-2,2022-12-08 21:27:40.925 +0000 UTC,ocid1.instance.oc1.phx.anyhqljt6gc7n2ycrinyct4en4o2oudsybxivkwlfvldxckmt6naoxxdbh2q,ocid1.compartment.oc1..aaaaaaaa6zne3brnyivu4gnqeobwukjscw57mv73yutewmxl2i34hev5tpda
sbpod-4,RUNNING,,10.0.4.44,VM.DenseIO2.16,16,240,0,phx,VnTy:PHX-AD-1,FAULT-DOMAIN-1,2020-07-10 18:05:47.17 +0000 UTC,ocid1.instance.oc1.phx.anyhqljt6gc7n2yctuhireyl4pcfsjmkj4heji5ybm6zhizepbudmug6f4gq,ocid1.compartment.oc1..aaaaaaaa6zne3brnyivu4gnqeobwukjscw57mv73yutewmxl2i34hev5tpda
shivamtestpublic,RUNNING,130.35.143.128,10.0.4.96,VM.Standard.E4.Flex,1,16,0,phx,VnTy:PHX-AD-1,FAULT-DOMAIN-3,2021-11-03 04:45:51.587 +0000 UTC,ocid1.instance.oc1.phx.anyhqljt6gc7n2ycl2xcrapnj3qcsd6kexlx4xxlxnacsykczoaqhr3e47hq,ocid1.compartment.oc1..aaaaaaaa6zne3brnyivu4gnqeobwukjscw57mv73yutewmxl2i34hev5tpda
tbpod-1,RUNNING,138.1.144.186,10.0.16.69,VM.DenseIO2.16,16,240,0,phx,VnTy:PHX-AD-1,FAULT-DOMAIN-2,2020-12-06 00:49:57.707 +0000 UTC,ocid1.instance.oc1.phx.anyhqljt6gc7n2yccvh7caiwyop3bkxuskk5vac2gnfdv6c4x5jc6sf4twqq,ocid1.compartment.oc1..aaaaaaaa6zne3brnyivu4gnqeobwukjscw57mv73yutewmxl2i34hev5tpda
wls-1,RUNNING,,10.0.4.36,VM.Standard2.16,16,240,0,phx,VnTy:PHX-AD-1,FAULT-DOMAIN-2,2020-03-22 17:45:37.968 +0000 UTC,ocid1.instance.oc1.phx.anyhqljt6gc7n2ycpo6dintiyip4ptkvjg25cnnc7gpzohf6lmw255iz5feq,ocid1.compartment.oc1..aaaaaaaa6zne3brnyivu4gnqeobwukjscw57mv73yutewmxl2i34hev5tpda
zep-1,RUNNING,,10.0.52.145,VM.Standard.E3.Flex,8,128,0,phx,VnTy:PHX-AD-1,FAULT-DOMAIN-2,2022-09-03 00:04:17.844 +0000 UTC,ocid1.instance.oc1.phx.anyhqljt6gc7n2ycsdz5z6eo6aaiwa3dwuagxensbri4z3nevmn2uqtixncq,ocid1.compartment.oc1..aaaaaaaa6zne3brnyivu4gnqeobwukjscw57mv73yutewmxl2i34hev5tpda
zep-10,RUNNING,,10.0.54.198,VM.Standard.E3.Flex,8,128,0,phx,VnTy:PHX-AD-1,FAULT-DOMAIN-1,2022-09-03 00:46:08.755 +0000 UTC,ocid1.instance.oc1.phx.anyhqljt6gc7n2yctgqpbhjtpjff2hxtbie5apzd4xpbrdmjvlisewpwa2aq,ocid1.compartment.oc1..aaaaaaaa6zne3brnyivu4gnqeobwukjscw57mv73yutewmxl2i34hev5tpda
zep-100,RUNNING,,10.0.54.37,VM.Standard.E4.Flex,8,128,0,phx,VnTy:PHX-AD-1,FAULT-DOMAIN-1,2023-12-12 21:47:49.433 +0000 UTC,ocid1.instance.oc1.phx.anyhqljt6gc7n2ycaqzwxkrf7ffivj6slferxst5uemdq7khmjlyox3qcwlq,ocid1.compartment.oc1..aaaaaaaa6zne3brnyivu4gnqeobwukjscw57mv73yutewmxl2i34hev5tpda
zep-103,RUNNING,,10.0.54.80,VM.Standard.E4.Flex,8,128,0,phx,VnTy:PHX-AD-1,FAULT-DOMAIN-2,2023-12-13 21:37:51.754 +0000 UTC,ocid1.instance.oc1.phx.anyhqljt6gc7n2yclm7bazu5ywcv3fj25mm5ffl4rl2le2xb35rhllkinwqa,ocid1.compartment.oc1..aaaaaaaa6zne3brnyivu4gnqeobwukjscw57mv73yutewmxl2i34hev5tpda
zep-106,RUNNING,,10.0.53.23,VM.Standard.E3.Flex,8,128,0,phx,VnTy:PHX-AD-1,FAULT-DOMAIN-1,2023-12-14 04:46:43.822 +0000 UTC,ocid1.instance.oc1.phx.anyhqljt6gc7n2ycooe7bcrjh3l4oo4mdztlufzhgatzic2e6hy4dfdsow2a,ocid1.compartment.oc1..aaaaaaaa6zne3brnyivu4gnqeobwukjscw57mv73yutewmxl2i34hev5tpda
zep-109,RUNNING,,10.0.55.50,VM.Standard.E4.Flex,8,128,0,phx,VnTy:PHX-AD-1,FAULT-DOMAIN-2,2023-12-13 21:37:54.027 +0000 UTC,ocid1.instance.oc1.phx.anyhqljt6gc7n2ycnoxrrpxttpfqrqgwdgtt7f7n57y3fj3w5mdqwtuw5wjq,ocid1.compartment.oc1..aaaaaaaa6zne3brnyivu4gnqeobwukjscw57mv73yutewmxl2i34hev5tpda
zep-13,RUNNING,,10.0.55.219,VM.Standard.E4.Flex,8,128,0,phx,VnTy:PHX-AD-1,FAULT-DOMAIN-1,2023-12-12 20:31:47.424 +0000 UTC,ocid1.instance.oc1.phx.anyhqljt6gc7n2yclr2mes4x3nd6m436xtsu5pjyxqyqt4hqlcpt5dukx3aq,ocid1.compartment.oc1..aaaaaaaa6zne3brnyivu4gnqeobwukjscw57mv73yutewmxl2i34hev5tpda
zep-16,RUNNING,,10.0.53.86,VM.Standard.E4.Flex,8,128,0,phx,VnTy:PHX-AD-1,FAULT-DOMAIN-1,2023-12-12 20:32:21.672 +0000 UTC,ocid1.instance.oc1.phx.anyhqljt6gc7n2ycpgdmytexgtzzt6yc2ha3rtnpo2aqujkld264ayeppeka,ocid1.compartment.oc1..aaaaaaaa6zne3brnyivu4gnqeobwukjscw57mv73yutewmxl2i34hev5tpda
zep-19,RUNNING,,10.0.52.21,VM.Standard.E4.Flex,8,128,0,phx,VnTy:PHX-AD-1,FAULT-DOMAIN-1,2023-12-12 20:31:16.535 +0000 UTC,ocid1.instance.oc1.phx.anyhqljt6gc7n2ycim2qrah6ex4baobd7tjgskhwtkpv7ggboiqashrfknfq,ocid1.compartment.oc1..aaaaaaaa6zne3brnyivu4gnqeobwukjscw57mv73yutewmxl2i34hev5tpda
zep-22,RUNNING,,10.0.52.187,VM.Standard.E4.Flex,8,128,0,phx,VnTy:PHX-AD-1,FAULT-DOMAIN-1,2023-12-12 20:30:55.309 +0000 UTC,ocid1.instance.oc1.phx.anyhqljt6gc7n2yctadjusr55ag7grtttgdnj3vaimx5iqosczmzlaugm3jq,ocid1.compartment.oc1..aaaaaaaa6zne3brnyivu4gnqeobwukjscw57mv73yutewmxl2i34hev5tpda
zep-25,RUNNING,,10.0.55.235,VM.Standard.E4.Flex,8,128,0,phx,VnTy:PHX-AD-1,FAULT-DOMAIN-1,2023-12-12 20:31:53.069 +0000 UTC,ocid1.instance.oc1.phx.anyhqljt6gc7n2yc62s7wzi7vzysuatue7hlqdeh2olidjx5erwztkn4vifq,ocid1.compartment.oc1..aaaaaaaa6zne3brnyivu4gnqeobwukjscw57mv73yutewmxl2i34hev5tpda
zep-28,RUNNING,,10.0.52.149,VM.Standard.E4.Flex,8,128,0,phx,VnTy:PHX-AD-1,FAULT-DOMAIN-1,2023-12-12 20:30:36.513 +0000 UTC,ocid1.instance.oc1.phx.anyhqljt6gc7n2ycuxsiqjikijww6w3dm7hef4durlcrsu6lgcppvj3pt7sq,ocid1.compartment.oc1..aaaaaaaa6zne3brnyivu4gnqeobwukjscw57mv73yutewmxl2i34hev5tpda
zep-31,RUNNING,,10.0.55.119,VM.Standard.E4.Flex,8,128,0,phx,VnTy:PHX-AD-1,FAULT-DOMAIN-1,2023-12-12 20:32:18.093 +0000 UTC,ocid1.instance.oc1.phx.anyhqljt6gc7n2yclfbnjpgnolu63iolllcglvfzs46zp5pnv6m6pvm2cjpa,ocid1.compartment.oc1..aaaaaaaa6zne3brnyivu4gnqeobwukjscw57mv73yutewmxl2i34hev5tpda
zep-34,RUNNING,,10.0.54.53,VM.Standard.E4.Flex,8,128,0,phx,VnTy:PHX-AD-1,FAULT-DOMAIN-1,2023-12-12 20:30:36.426 +0000 UTC,ocid1.instance.oc1.phx.anyhqljt6gc7n2ycmwx653xv24yj3y3bxxyw67rxyghzpbtbusmk5k37p7ca,ocid1.compartment.oc1..aaaaaaaa6zne3brnyivu4gnqeobwukjscw57mv73yutewmxl2i34hev5tpda
zep-37,RUNNING,,10.0.52.29,VM.Standard.E4.Flex,8,128,0,phx,VnTy:PHX-AD-1,FAULT-DOMAIN-1,2023-12-12 21:48:20.086 +0000 UTC,ocid1.instance.oc1.phx.anyhqljt6gc7n2ycrpaubcs36wevgc2wmtjdxhoyl4qaan4jvztix6p6rgzq,ocid1.compartment.oc1..aaaaaaaa6zne3brnyivu4gnqeobwukjscw57mv73yutewmxl2i34hev5tpda
zep-4,RUNNING,,10.0.52.110,VM.Standard.E3.Flex,8,128,0,phx,VnTy:PHX-AD-1,FAULT-DOMAIN-1,2022-09-03 12:04:04.39 +0000 UTC,ocid1.instance.oc1.phx.anyhqljt6gc7n2ycyi7y66whxjlux7yvjl75rduqrni4avlxthiko4mw6dfa,ocid1.compartment.oc1..aaaaaaaa6zne3brnyivu4gnqeobwukjscw57mv73yutewmxl2i34hev5tpda
zep-40,RUNNING,,10.0.54.100,VM.Standard.E4.Flex,8,128,0,phx,VnTy:PHX-AD-1,FAULT-DOMAIN-1,2023-12-12 21:46:34.852 +0000 UTC,ocid1.instance.oc1.phx.anyhqljt6gc7n2ycm2umls6fnvcq525okmkaaj5xbratz4azvo5j52hamvwa,ocid1.compartment.oc1..aaaaaaaa6zne3brnyivu4gnqeobwukjscw57mv73yutewmxl2i34hev5tpda
zep-43,RUNNING,,10.0.52.201,VM.Standard.E4.Flex,8,128,0,phx,VnTy:PHX-AD-1,FAULT-DOMAIN-2,2023-12-12 20:48:10.08 +0000 UTC,ocid1.instance.oc1.phx.anyhqljt6gc7n2ycqatr4xyp72eqsntoc7d5efd27pkyppp4mxp2bpx5czta,ocid1.compartment.oc1..aaaaaaaa6zne3brnyivu4gnqeobwukjscw57mv73yutewmxl2i34hev5tpda
zep-46,RUNNING,,10.0.55.8,VM.Standard.E4.Flex,8,128,0,phx,VnTy:PHX-AD-1,FAULT-DOMAIN-2,2023-12-12 20:48:23.737 +0000 UTC,ocid1.instance.oc1.phx.anyhqljt6gc7n2ycjuhr3qqajt7wrbhbjhnhdknnbaozfhyixssbz2nknupa,ocid1.compartment.oc1..aaaaaaaa6zne3brnyivu4gnqeobwukjscw57mv73yutewmxl2i34hev5tpda
zep-49,RUNNING,,10.0.54.221,VM.Standard.E4.Flex,8,128,0,phx,VnTy:PHX-AD-1,FAULT-DOMAIN-2,2023-12-12 20:47:47.044 +0000 UTC,ocid1.instance.oc1.phx.anyhqljt6gc7n2ycoi36t46us6mhaiukvracnpygnq6pkdf2ls2vsa2lqspq,ocid1.compartment.oc1..aaaaaaaa6zne3brnyivu4gnqeobwukjscw57mv73yutewmxl2i34hev5tpda
zep-52,RUNNING,,10.0.55.183,VM.Standard.E4.Flex,8,128,0,phx,VnTy:PHX-AD-1,FAULT-DOMAIN-1,2023-12-12 21:46:23.844 +0000 UTC,ocid1.instance.oc1.phx.anyhqljt6gc7n2ycgi7e7j24gj474ql735b6oleatlmopwvwyb4ftusbwc3a,ocid1.compartment.oc1..aaaaaaaa6zne3brnyivu4gnqeobwukjscw57mv73yutewmxl2i34hev5tpda
zep-55,RUNNING,,10.0.54.54,VM.Standard.E4.Flex,8,128,0,phx,VnTy:PHX-AD-1,FAULT-DOMAIN-1,2023-12-12 21:48:22.07 +0000 UTC,ocid1.instance.oc1.phx.anyhqljt6gc7n2yccqo4fbovgvrhx7u2gvh4aimv7zomaswv5mj7x4rg6rwa,ocid1.compartment.oc1..aaaaaaaa6zne3brnyivu4gnqeobwukjscw57mv73yutewmxl2i34hev5tpda
zep-58,RUNNING,,10.0.55.90,VM.Standard.E4.Flex,8,128,0,phx,VnTy:PHX-AD-1,FAULT-DOMAIN-2,2023-12-12 20:48:20.068 +0000 UTC,ocid1.instance.oc1.phx.anyhqljt6gc7n2ycpgyrtzlt25lm33en7mat4uj2rzobq6nkzrmpstbrwlva,ocid1.compartment.oc1..aaaaaaaa6zne3brnyivu4gnqeobwukjscw57mv73yutewmxl2i34hev5tpda
zep-61,RUNNING,,10.0.53.100,VM.Standard.E4.Flex,8,128,0,phx,VnTy:PHX-AD-1,FAULT-DOMAIN-2,2023-12-12 20:48:06.861 +0000 UTC,ocid1.instance.oc1.phx.anyhqljt6gc7n2yctytvm4z3up7umzo3eivmivm27gxwwktvmuwgx7f6yspq,ocid1.compartment.oc1..aaaaaaaa6zne3brnyivu4gnqeobwukjscw57mv73yutewmxl2i34hev5tpda
zep-64,RUNNING,,10.0.52.170,VM.Standard.E4.Flex,8,128,0,phx,VnTy:PHX-AD-1,FAULT-DOMAIN-1,2023-12-12 21:47:38.093 +0000 UTC,ocid1.instance.oc1.phx.anyhqljt6gc7n2yc43nwiw6j5mb5dthyef3miunva6w6hn3ll56xdvrkv7pa,ocid1.compartment.oc1..aaaaaaaa6zne3brnyivu4gnqeobwukjscw57mv73yutewmxl2i34hev5tpda
zep-67,RUNNING,,10.0.52.109,VM.Standard.E4.Flex,8,128,0,phx,VnTy:PHX-AD-1,FAULT-DOMAIN-1,2023-12-12 21:48:23.996 +0000 UTC,ocid1.instance.oc1.phx.anyhqljt6gc7n2yc5zx2z5y6s23weejp76bpst3rwwkcsqh2dm7im6zcdmma,ocid1.compartment.oc1..aaaaaaaa6zne3brnyivu4gnqeobwukjscw57mv73yutewmxl2i34hev5tpda
zep-7,RUNNING,,10.0.55.176,VM.Standard.E3.Flex,8,128,0,phx,VnTy:PHX-AD-1,FAULT-DOMAIN-1,2022-09-03 04:46:30.931 +0000 UTC,ocid1.instance.oc1.phx.anyhqljt6gc7n2ycbht5epwxgxchnavr7zqlklggqrpyt5x5exacizq7h6pa,ocid1.compartment.oc1..aaaaaaaa6zne3brnyivu4gnqeobwukjscw57mv73yutewmxl2i34hev5tpda
zep-70,RUNNING,,10.0.52.210,VM.Standard.E4.Flex,8,128,0,phx,VnTy:PHX-AD-1,FAULT-DOMAIN-1,2023-12-12 21:48:00.275 +0000 UTC,ocid1.instance.oc1.phx.anyhqljt6gc7n2yc2swx7c2b4r5dflrepldxzkdoiwjbenrdxm3zydwatlua,ocid1.compartment.oc1..aaaaaaaa6zne3brnyivu4gnqeobwukjscw57mv73yutewmxl2i34hev5tpda
zep-73,RUNNING,,10.0.52.166,VM.Standard.E4.Flex,8,128,0,phx,VnTy:PHX-AD-1,FAULT-DOMAIN-1,2023-12-12 21:47:21.571 +0000 UTC,ocid1.instance.oc1.phx.anyhqljt6gc7n2ycm3ikepcsfrcvgg4xgis6t6g5vxcas5fllve6xjgxjlyq,ocid1.compartment.oc1..aaaaaaaa6zne3brnyivu4gnqeobwukjscw57mv73yutewmxl2i34hev5tpda
zep-76,RUNNING,,10.0.53.24,VM.Standard.E4.Flex,8,128,0,phx,VnTy:PHX-AD-1,FAULT-DOMAIN-1,2023-12-12 21:46:31.048 +0000 UTC,ocid1.instance.oc1.phx.anyhqljt6gc7n2yc6sqpip4tjynivaetrj7tookzmmjmneyiorv7n6p4y64q,ocid1.compartment.oc1..aaaaaaaa6zne3brnyivu4gnqeobwukjscw57mv73yutewmxl2i34hev5tpda
zep-79,RUNNING,,10.0.52.158,VM.Standard.E4.Flex,8,128,0,phx,VnTy:PHX-AD-1,FAULT-DOMAIN-1,2023-12-12 21:47:07.156 +0000 UTC,ocid1.instance.oc1.phx.anyhqljt6gc7n2ycpbso4ooajrudmhk6rmeszymuqkijzdbku5dbx4nky7qa,ocid1.compartment.oc1..aaaaaaaa6zne3brnyivu4gnqeobwukjscw57mv73yutewmxl2i34hev5tpda
zep-82,RUNNING,,10.0.53.120,VM.Standard.E4.Flex,8,128,0,phx,VnTy:PHX-AD-1,FAULT-DOMAIN-1,2023-12-12 21:45:57.634 +0000 UTC,ocid1.instance.oc1.phx.anyhqljt6gc7n2ycrycqg6bwt2544dc7wluzjmm67zmuovlzpewd3ur26ana,ocid1.compartment.oc1..aaaaaaaa6zne3brnyivu4gnqeobwukjscw57mv73yutewmxl2i34hev5tpda
zep-85,RUNNING,,10.0.52.106,VM.Standard.E4.Flex,8,128,0,phx,VnTy:PHX-AD-1,FAULT-DOMAIN-1,2023-12-12 21:45:45.258 +0000 UTC,ocid1.instance.oc1.phx.anyhqljt6gc7n2ychjnov32er2koo5aysipzifca5sxnrfhdjzo25pijwqcq,ocid1.compartment.oc1..aaaaaaaa6zne3brnyivu4gnqeobwukjscw57mv73yutewmxl2i34hev5tpda
zep-88,RUNNING,,10.0.52.24,VM.Standard.E4.Flex,8,128,0,phx,VnTy:PHX-AD-1,FAULT-DOMAIN-1,2023-12-12 21:47:49.36 +0000 UTC,ocid1.instance.oc1.phx.anyhqljt6gc7n2ycq53yonl2koknrcqijlsvty6jpclbhvgaaqmfxc4jfkua,ocid1.compartment.oc1..aaaaaaaa6zne3brnyivu4gnqeobwukjscw57mv73yutewmxl2i34hev5tpda
zep-91,RUNNING,,10.0.54.125,VM.Standard.E4.Flex,8,128,0,phx,VnTy:PHX-AD-1,FAULT-DOMAIN-1,2023-12-12 21:46:25.323 +0000 UTC,ocid1.instance.oc1.phx.anyhqljt6gc7n2ycnaoi6udfafs7bl7gelhsck745m7by7fmv5ng6le4axva,ocid1.compartment.oc1..aaaaaaaa6zne3brnyivu4gnqeobwukjscw57mv73yutewmxl2i34hev5tpda
zep-94,RUNNING,,10.0.53.121,VM.Standard.E4.Flex,8,128,0,phx,VnTy:PHX-AD-1,FAULT-DOMAIN-1,2023-12-12 21:46:34.78 +0000 UTC,ocid1.instance.oc1.phx.anyhqljt6gc7n2ycmmsxrdkacvaftzmes5fc5skywzk55yhqkgukawozk5ga,ocid1.compartment.oc1..aaaaaaaa6zne3brnyivu4gnqeobwukjscw57mv73yutewmxl2i34hev5tpda
zep-97,RUNNING,,10.0.55.227,VM.Standard.E4.Flex,8,128,0,phx,VnTy:PHX-AD-1,FAULT-DOMAIN-1,2023-12-12 21:47:08.518 +0000 UTC,ocid1.instance.oc1.phx.anyhqljt6gc7n2ycyqwa4qi6pedz4xwbi4bjhxfdcteivegwpz2xl5qfg5qq,ocid1.compartment.oc1..aaaaaaaa6zne3brnyivu4gnqeobwukjscw57mv73yutewmxl2i34hev5tpda
appctrl-2,RUNNING,130.35.245.42,10.0.21.39,BM.DenseIO2.52,52,768,0,phx,VnTy:PHX-AD-2,FAULT-DOMAIN-2,2022-07-05 20:32:43.882 +0000 UTC,ocid1.instance.oc1.phx.anyhqljr6gc7n2ycihqv3sltwd2lxge7gwvjuvyldizt3ylpc5iitbhwoyza,ocid1.compartment.oc1..aaaaaaaa6zne3brnyivu4gnqeobwukjscw57mv73yutewmxl2i34hev5tpda
bpod-2,RUNNING,130.35.241.62,10.0.20.120,BM.DenseIO2.52,52,768,0,phx,VnTy:PHX-AD-2,FAULT-DOMAIN-2,2021-06-11 21:44:13.774 +0000 UTC,ocid1.instance.oc1.phx.anyhqljr6gc7n2yc74a6cwjflszxkdyxxktkv3ueuw6kwsecmsiec2zpzskq,ocid1.compartment.oc1..aaaaaaaa6zne3brnyivu4gnqeobwukjscw57mv73yutewmxl2i34hev5tpda
bpod-5,RUNNING,130.35.243.216,10.0.23.171,BM.DenseIO2.52,52,768,0,phx,VnTy:PHX-AD-2,FAULT-DOMAIN-1,2021-06-11 21:44:14.172 +0000 UTC,ocid1.instance.oc1.phx.anyhqljr6gc7n2yccqw65nhpky7nujfxdfncreufknjys5una2w4iabuqm6a,ocid1.compartment.oc1..aaaaaaaa6zne3brnyivu4gnqeobwukjscw57mv73yutewmxl2i34hev5tpda
bpod-8,RUNNING,130.35.246.62,10.0.21.251,VM.DenseIO2.16,16,240,0,phx,VnTy:PHX-AD-2,FAULT-DOMAIN-1,2024-03-13 04:07:18.085 +0000 UTC,ocid1.instance.oc1.phx.anyhqljr6gc7n2yckwaa34y2zusjvnl4souj42fph27unsxx4ptdn4luhqxa,ocid1.compartment.oc1..aaaaaaaa6zne3brnyivu4gnqeobwukjscw57mv73yutewmxl2i34hev5tpda
cman-2,RUNNING,,10.0.10.187,VM.Standard2.16,16,240,0,phx,VnTy:PHX-AD-2,FAULT-DOMAIN-2,2021-09-13 21:24:05.532 +0000 UTC,ocid1.instance.oc1.phx.anyhqljr6gc7n2ycbz6ugvtrgae63zqauwkrhaayusrngsikzao3r2uwnfva,ocid1.compartment.oc1..aaaaaaaa6zne3brnyivu4gnqeobwukjscw57mv73yutewmxl2i34hev5tpda
ctrl-2,RUNNING,130.35.251.184,10.0.23.94,VM.DenseIO2.16,16,240,0,phx,VnTy:PHX-AD-2,FAULT-DOMAIN-1,2021-06-22 17:38:20.977 +0000 UTC,ocid1.instance.oc1.phx.anyhqljr6gc7n2ycd6y7vesenmvx5go76jlqqynm7jpzukyea26qkqhkoekq,ocid1.compartment.oc1..aaaaaaaa6zne3brnyivu4gnqeobwukjscw57mv73yutewmxl2i34hev5tpda
ctrl-5,RUNNING,130.35.254.208,10.0.20.130,VM.DenseIO2.16,16,240,0,phx,VnTy:PHX-AD-2,FAULT-DOMAIN-1,2024-03-20 18:12:00.775 +0000 UTC,ocid1.instance.oc1.phx.anyhqljr6gc7n2yca77pf7r3jiidvopfdg3ijp5rdcbg2dznrxeoktgzmefa,ocid1.compartment.oc1..aaaaaaaa6zne3brnyivu4gnqeobwukjscw57mv73yutewmxl2i34hev5tpda
dac-2,RUNNING,,10.0.9.107,VM.Standard.E4.Flex,8,128,0,phx,VnTy:PHX-AD-2,FAULT-DOMAIN-3,2023-02-28 21:45:14.606 +0000 UTC,ocid1.instance.oc1.phx.anyhqljr6gc7n2ycj6pgo4q6cgredupuah226sv7duei5qvnr7z7pehd75ha,ocid1.compartment.oc1..aaaaaaaa6zne3brnyivu4gnqeobwukjscw57mv73yutewmxl2i34hev5tpda
extproc_pe_instance_OL8,RUNNING,,10.0.3.60,VM.Standard.E4.Flex,1,16,0,phx,VnTy:PHX-AD-2,FAULT-DOMAIN-3,2023-11-03 16:18:38.37 +0000 UTC,ocid1.instance.oc1.phx.anyhqljr6gc7n2ycmuubp7xdlufopakqsms23qr6of4ga2uqdg4x5hob7zma,ocid1.compartment.oc1..aaaaaaaa6zne3brnyivu4gnqeobwukjscw57mv73yutewmxl2i34hev5tpda
fbpod-2,RUNNING,130.35.133.249,10.0.21.203,VM.DenseIO2.16,16,240,0,phx,VnTy:PHX-AD-2,FAULT-DOMAIN-1,2023-08-31 19:11:35.207 +0000 UTC,ocid1.instance.oc1.phx.anyhqljr6gc7n2ycbo6fplymx23rsw373xhihbd36yru24w6eophg6vwkc7q,ocid1.compartment.oc1..aaaaaaaa6zne3brnyivu4gnqeobwukjscw57mv73yutewmxl2i34hev5tpda
gracp-2,RUNNING,,10.0.9.182,VM.Standard.E3.Flex,8,128,0,phx,VnTy:PHX-AD-2,FAULT-DOMAIN-2,2022-07-12 17:50:33.609 +0000 UTC,ocid1.instance.oc1.phx.anyhqljr6gc7n2yc76mllpg4n6vhm46vzi4pygbjnqtlgwzhf5popus7i6ja,ocid1.compartment.oc1..aaaaaaaa6zne3brnyivu4gnqeobwukjscw57mv73yutewmxl2i34hev5tpda
gway-2,RUNNING,130.35.134.54,10.0.21.222,VM.Standard.E4.Flex,8,128,0,phx,VnTy:PHX-AD-2,FAULT-DOMAIN-1,2022-12-20 19:50:40.896 +0000 UTC,ocid1.instance.oc1.phx.anyhqljr6gc7n2yct4uxvhqbkhldblpjyqwzoslmf26u65stydfidoacavra,ocid1.compartment.oc1..aaaaaaaa6zne3brnyivu4gnqeobwukjscw57mv73yutewmxl2i34hev5tpda
json-2,RUNNING,,10.0.10.118,VM.Standard.E3.Flex,8,128,0,phx,VnTy:PHX-AD-2,FAULT-DOMAIN-1,2022-07-12 11:40:55.519 +0000 UTC,ocid1.instance.oc1.phx.anyhqljr6gc7n2ycuiwhlezi2vfcue7js3nsaghyebmhtrgcgmv4phqlqtra,ocid1.compartment.oc1..aaaaaaaa6zne3brnyivu4gnqeobwukjscw57mv73yutewmxl2i34hev5tpda
logr-2,RUNNING,130.35.132.84,10.0.1.9,VM.Standard2.8,8,120,0,phx,VnTy:PHX-AD-2,FAULT-DOMAIN-2,2022-04-26 19:19:33.036 +0000 UTC,ocid1.instance.oc1.phx.anyhqljr6gc7n2ycgssoyakjetqfh5ijbybz5zw4rrjit6ksophuesndslza,ocid1.compartment.oc1..aaaaaaaa6zne3brnyivu4gnqeobwukjscw57mv73yutewmxl2i34hev5tpda
met-2,RUNNING,,10.0.8.27,VM.Standard2.8,8,120,0,phx,VnTy:PHX-AD-2,FAULT-DOMAIN-3,2020-06-10 20:42:30.934 +0000 UTC,ocid1.instance.oc1.phx.anyhqljr6gc7n2yc32wj5t6no53hq7p6gnlr42j3jnsxifz4ge3ptu3misxa,ocid1.compartment.oc1..aaaaaaaa6zne3brnyivu4gnqeobwukjscw57mv73yutewmxl2i34hev5tpda
nginx-2,RUNNING,,10.0.10.66,VM.Standard.E3.Flex,16,256,0,phx,VnTy:PHX-AD-2,FAULT-DOMAIN-2,2022-07-14 16:57:00.634 +0000 UTC,ocid1.instance.oc1.phx.anyhqljr6gc7n2yc6jrbkxemay4qlugjzqaxiishidkavro37piy5j3yf2oq,ocid1.compartment.oc1..aaaaaaaa6zne3brnyivu4gnqeobwukjscw57mv73yutewmxl2i34hev5tpda
odi-2,RUNNING,,10.0.9.206,VM.Standard.E4.Flex,4,64,0,phx,VnTy:PHX-AD-2,FAULT-DOMAIN-3,2022-11-23 17:53:29.693 +0000 UTC,ocid1.instance.oc1.phx.anyhqljr6gc7n2ycm7vkzglbg7ho4qzmlpnlix2gpkqb4avvfh67bacxb3jq,ocid1.compartment.oc1..aaaaaaaa6zne3brnyivu4gnqeobwukjscw57mv73yutewmxl2i34hev5tpda
oml-2,RUNNING,,10.0.10.1,VM.Standard.E3.Flex,8,128,0,phx,VnTy:PHX-AD-2,FAULT-DOMAIN-3,2022-09-20 21:19:59.193 +0000 UTC,ocid1.instance.oc1.phx.anyhqljr6gc7n2yca7dubivtln4quxbwva5vais2tgytrpfjswgajtxqxtla,ocid1.compartment.oc1..aaaaaaaa6zne3brnyivu4gnqeobwukjscw57mv73yutewmxl2i34hev5tpda
omlmod-2,RUNNING,,10.0.11.29,VM.Standard.E3.Flex,8,128,0,phx,VnTy:PHX-AD-2,FAULT-DOMAIN-2,2022-07-14 16:57:10.047 +0000 UTC,ocid1.instance.oc1.phx.anyhqljr6gc7n2yc5npzgx6eyaof5vdede36rblkklvosdiubekmp4stidua,ocid1.compartment.oc1..aaaaaaaa6zne3brnyivu4gnqeobwukjscw57mv73yutewmxl2i34hev5tpda
ordswls-2,RUNNING,,10.0.8.5,VM.Standard.E4.Flex,8,128,0,phx,VnTy:PHX-AD-2,FAULT-DOMAIN-1,2023-09-27 14:43:58.263 +0000 UTC,ocid1.instance.oc1.phx.anyhqljr6gc7n2ycpojdlxar4bbxklayszytrgdtdtt45rwvnf5lfvtgcj4q,ocid1.compartment.oc1..aaaaaaaa6zne3brnyivu4gnqeobwukjscw57mv73yutewmxl2i34hev5tpda
osch-2,RUNNING,,10.0.9.237,VM.Standard.E4.Flex,16,256,0,phx,VnTy:PHX-AD-2,FAULT-DOMAIN-1,2023-03-28 17:51:53.041 +0000 UTC,ocid1.instance.oc1.phx.anyhqljr6gc7n2yc4nmjmn7rifz6lewmhqftcflkuako66z7bymz2lvq73aa,ocid1.compartment.oc1..aaaaaaaa6zne3brnyivu4gnqeobwukjscw57mv73yutewmxl2i34hev5tpda
private-rce-dblink-vm-2,RUNNING,,10.0.3.231,VM.Standard.E4.Flex,1,16,0,phx,VnTy:PHX-AD-2,FAULT-DOMAIN-3,2021-10-26 17:42:07.09 +0000 UTC,ocid1.instance.oc1.phx.anyhqljr6gc7n2ycite7z2xfvao54wgumii6jobzrrzupjlkgda55uotvb6q,ocid1.compartment.oc1..aaaaaaaa6zne3brnyivu4gnqeobwukjscw57mv73yutewmxl2i34hev5tpda
rbpod-2,RUNNING,130.35.245.247,10.0.201.235,VM.Standard.E4.Flex,24,384,0,phx,VnTy:PHX-AD-2,FAULT-DOMAIN-1,2023-09-06 17:18:28.058 +0000 UTC,ocid1.instance.oc1.phx.anyhqljr6gc7n2ycuhbg56xmrhuyzkhupp6fgebmth7mme34rdypvdtbgx5a,ocid1.compartment.oc1..aaaaaaaa6zne3brnyivu4gnqeobwukjscw57mv73yutewmxl2i34hev5tpda
sbpod-2,RUNNING,,10.0.8.208,VM.DenseIO2.16,16,240,0,phx,VnTy:PHX-AD-2,FAULT-DOMAIN-2,2022-08-15 20:30:22.306 +0000 UTC,ocid1.instance.oc1.phx.anyhqljr6gc7n2ycmywcirvxqe3gdrrzwmr3p2miavhnbrlnkf3p7wqivc5a,ocid1.compartment.oc1..aaaaaaaa6zne3brnyivu4gnqeobwukjscw57mv73yutewmxl2i34hev5tpda
wls-2,RUNNING,,10.0.8.21,VM.Standard2.16,16,240,0,phx,VnTy:PHX-AD-2,FAULT-DOMAIN-3,2020-03-22 18:49:16.216 +0000 UTC,ocid1.instance.oc1.phx.anyhqljr6gc7n2ycfrdh3wify3j7sihqt5qp76b5226oyvgbs4bta2asi47q,ocid1.compartment.oc1..aaaaaaaa6zne3brnyivu4gnqeobwukjscw57mv73yutewmxl2i34hev5tpda
zep-101,RUNNING,,10.0.56.14,VM.Standard.E4.Flex,8,128,0,phx,VnTy:PHX-AD-2,FAULT-DOMAIN-2,2023-12-13 21:38:13.001 +0000 UTC,ocid1.instance.oc1.phx.anyhqljr6gc7n2ycmhsz7luvpwztyuvjtrtsstszwpvh5uih3h23bgpaxrxq,ocid1.compartment.oc1..aaaaaaaa6zne3brnyivu4gnqeobwukjscw57mv73yutewmxl2i34hev5tpda
zep-104,RUNNING,,10.0.56.253,VM.Standard.E4.Flex,8,128,0,phx,VnTy:PHX-AD-2,FAULT-DOMAIN-2,2023-12-13 21:38:13.814 +0000 UTC,ocid1.instance.oc1.phx.anyhqljr6gc7n2ycgnnwmwfzdz5dmevr6rvdubx434ueyfjlhyjywa5nflga,ocid1.compartment.oc1..aaaaaaaa6zne3brnyivu4gnqeobwukjscw57mv73yutewmxl2i34hev5tpda
zep-107,RUNNING,,10.0.57.251,VM.Standard.E4.Flex,8,128,0,phx,VnTy:PHX-AD-2,FAULT-DOMAIN-2,2023-12-13 21:38:15.306 +0000 UTC,ocid1.instance.oc1.phx.anyhqljr6gc7n2ycoieecburlrxqcybcg26oonc4qmj7v3d4wjgav6gvl36q,ocid1.compartment.oc1..aaaaaaaa6zne3brnyivu4gnqeobwukjscw57mv73yutewmxl2i34hev5tpda
zep-11,RUNNING,,10.0.58.163,VM.Standard.E3.Flex,8,128,0,phx,VnTy:PHX-AD-2,FAULT-DOMAIN-3,2022-09-14 16:46:19.684 +0000 UTC,ocid1.instance.oc1.phx.anyhqljr6gc7n2ycvdrdb7rls5efvqabuwzfxd55by5uwzfa3ody7tqtsiea,ocid1.compartment.oc1..aaaaaaaa6zne3brnyivu4gnqeobwukjscw57mv73yutewmxl2i34hev5tpda
zep-110,RUNNING,,10.0.58.206,VM.Standard.E4.Flex,8,128,0,phx,VnTy:PHX-AD-2,FAULT-DOMAIN-2,2023-12-13 21:38:15.05 +0000 UTC,ocid1.instance.oc1.phx.anyhqljr6gc7n2yciuhcaa2atglkdoxlrv5ggvxrlggctpyiolfl3obbykyq,ocid1.compartment.oc1..aaaaaaaa6zne3brnyivu4gnqeobwukjscw57mv73yutewmxl2i34hev5tpda
zep-14,RUNNING,,10.0.57.164,VM.Standard.E4.Flex,8,128,0,phx,VnTy:PHX-AD-2,FAULT-DOMAIN-1,2023-12-12 20:30:55.352 +0000 UTC,ocid1.instance.oc1.phx.anyhqljr6gc7n2ycuayo3uixr37pa2ds4bwtm6i6nvx6p4eje6gvvdibed2a,ocid1.compartment.oc1..aaaaaaaa6zne3brnyivu4gnqeobwukjscw57mv73yutewmxl2i34hev5tpda
zep-17,RUNNING,,10.0.58.21,VM.Standard.E4.Flex,8,128,0,phx,VnTy:PHX-AD-2,FAULT-DOMAIN-1,2023-12-12 20:32:42.908 +0000 UTC,ocid1.instance.oc1.phx.anyhqljr6gc7n2ycwimn2p4j56r32zwva6l2dyi7xgakkpa7m4ljc6ub4kpq,ocid1.compartment.oc1..aaaaaaaa6zne3brnyivu4gnqeobwukjscw57mv73yutewmxl2i34hev5tpda
zep-2,RUNNING,,10.0.58.89,VM.Standard2.8,8,120,0,phx,VnTy:PHX-AD-2,FAULT-DOMAIN-1,2021-11-04 04:36:23.344 +0000 UTC,ocid1.instance.oc1.phx.anyhqljr6gc7n2ycj7tarwozfoy3kdosnxanzbqisfmj74nlpg6dxf4beejq,ocid1.compartment.oc1..aaaaaaaa6zne3brnyivu4gnqeobwukjscw57mv73yutewmxl2i34hev5tpda
zep-20,RUNNING,,10.0.57.183,VM.Standard.E4.Flex,8,128,0,phx,VnTy:PHX-AD-2,FAULT-DOMAIN-2,2023-12-12 20:32:22.549 +0000 UTC,ocid1.instance.oc1.phx.anyhqljr6gc7n2ycucvzutevd7ebmfk6cyxscpzotvoxwf3rwqmbwzoa43wa,ocid1.compartment.oc1..aaaaaaaa6zne3brnyivu4gnqeobwukjscw57mv73yutewmxl2i34hev5tpda
zep-23,RUNNING,,10.0.59.227,VM.Standard.E4.Flex,8,128,0,phx,VnTy:PHX-AD-2,FAULT-DOMAIN-1,2023-12-12 20:30:36.493 +0000 UTC,ocid1.instance.oc1.phx.anyhqljr6gc7n2yc56vzgm54msg2ehbyaefrpqnnkpzzf3yxramaoykryjvq,ocid1.compartment.oc1..aaaaaaaa6zne3brnyivu4gnqeobwukjscw57mv73yutewmxl2i34hev5tpda
zep-26,RUNNING,,10.0.58.49,VM.Standard.E4.Flex,8,128,0,phx,VnTy:PHX-AD-2,FAULT-DOMAIN-2,2023-12-12 20:32:22.635 +0000 UTC,ocid1.instance.oc1.phx.anyhqljr6gc7n2ycsojtfy76ytxupm5afqswql7oaasdazb45tbiz6443icq,ocid1.compartment.oc1..aaaaaaaa6zne3brnyivu4gnqeobwukjscw57mv73yutewmxl2i34hev5tpda
zep-29,RUNNING,,10.0.59.190,VM.Standard.E4.Flex,8,128,0,phx,VnTy:PHX-AD-2,FAULT-DOMAIN-1,2023-12-12 20:30:36.372 +0000 UTC,ocid1.instance.oc1.phx.anyhqljr6gc7n2ycw6ypy4lejjqp64ifvyx5q7dz5gjgfgo2j2iu3b22x6iq,ocid1.compartment.oc1..aaaaaaaa6zne3brnyivu4gnqeobwukjscw57mv73yutewmxl2i34hev5tpda
zep-32,RUNNING,,10.0.56.182,VM.Standard.E4.Flex,8,128,0,phx,VnTy:PHX-AD-2,FAULT-DOMAIN-1,2023-12-12 20:31:15.742 +0000 UTC,ocid1.instance.oc1.phx.anyhqljr6gc7n2yc2okcjzdgkodku5qobmu3fb6yppwrlxsza6jxemotsrbq,ocid1.compartment.oc1..aaaaaaaa6zne3brnyivu4gnqeobwukjscw57mv73yutewmxl2i34hev5tpda
zep-35,RUNNING,,10.0.59.68,VM.Standard.E4.Flex,8,128,0,phx,VnTy:PHX-AD-2,FAULT-DOMAIN-2,2023-12-12 20:32:06.254 +0000 UTC,ocid1.instance.oc1.phx.anyhqljr6gc7n2ycddksmi5mk6whhlummfffzdes4gvisy4in6tfwdya64sa,ocid1.compartment.oc1..aaaaaaaa6zne3brnyivu4gnqeobwukjscw57mv73yutewmxl2i34hev5tpda
zep-38,RUNNING,,10.0.58.68,VM.Standard.E4.Flex,8,128,0,phx,VnTy:PHX-AD-2,FAULT-DOMAIN-1,2023-12-12 20:49:09.995 +0000 UTC,ocid1.instance.oc1.phx.anyhqljr6gc7n2ycmp52nqo57szj6vh3svkwqoqjjvu5vtdvbjdevhrjg6sq,ocid1.compartment.oc1..aaaaaaaa6zne3brnyivu4gnqeobwukjscw57mv73yutewmxl2i34hev5tpda
zep-41,RUNNING,,10.0.59.205,VM.Standard.E4.Flex,8,128,0,phx,VnTy:PHX-AD-2,FAULT-DOMAIN-1,2023-12-12 20:47:47.022 +0000 UTC,ocid1.instance.oc1.phx.anyhqljr6gc7n2ycfpv3vd6iwfilsinbe3wlmyasbpmtxrtohaupy6oljleq,ocid1.compartment.oc1..aaaaaaaa6zne3brnyivu4gnqeobwukjscw57mv73yutewmxl2i34hev5tpda
zep-44,RUNNING,,10.0.58.48,VM.Standard.E4.Flex,8,128,0,phx,VnTy:PHX-AD-2,FAULT-DOMAIN-1,2023-12-12 20:48:59.859 +0000 UTC,ocid1.instance.oc1.phx.anyhqljr6gc7n2ycyjsyns67y7pcf35x7mnbuseyjr7qt5hppygf7e6khpea,ocid1.compartment.oc1..aaaaaaaa6zne3brnyivu4gnqeobwukjscw57mv73yutewmxl2i34hev5tpda
zep-47,RUNNING,,10.0.56.240,VM.Standard.E4.Flex,8,128,0,phx,VnTy:PHX-AD-2,FAULT-DOMAIN-1,2023-12-12 20:49:37.333 +0000 UTC,ocid1.instance.oc1.phx.anyhqljr6gc7n2ycjhia6mlnnoqvz32taoi7ku2swptjjgpbhp2dane5wraq,ocid1.compartment.oc1..aaaaaaaa6zne3brnyivu4gnqeobwukjscw57mv73yutewmxl2i34hev5tpda
zep-5,RUNNING,,10.0.59.13,VM.Standard.E3.Flex,8,128,0,phx,VnTy:PHX-AD-2,FAULT-DOMAIN-3,2022-09-03 08:04:18.91 +0000 UTC,ocid1.instance.oc1.phx.anyhqljr6gc7n2ycd4tqer7rcaijb5ra55n6sirahx7nzfnuxcqmwi6vfboa,ocid1.compartment.oc1..aaaaaaaa6zne3brnyivu4gnqeobwukjscw57mv73yutewmxl2i34hev5tpda
zep-50,RUNNING,,10.0.56.93,VM.Standard.E4.Flex,8,128,0,phx,VnTy:PHX-AD-2,FAULT-DOMAIN-1,2023-12-12 20:48:11.86 +0000 UTC,ocid1.instance.oc1.phx.anyhqljr6gc7n2ycfxs2ktvlwr5rv6uixao5tzufns7l74segf2l3dcjw3ya,ocid1.compartment.oc1..aaaaaaaa6zne3brnyivu4gnqeobwukjscw57mv73yutewmxl2i34hev5tpda
zep-53,RUNNING,,10.0.59.84,VM.Standard.E4.Flex,8,128,0,phx,VnTy:PHX-AD-2,FAULT-DOMAIN-1,2023-12-12 20:48:57.381 +0000 UTC,ocid1.instance.oc1.phx.anyhqljr6gc7n2yc6klwqqoufl2yt6azzklyfxrygzqj44nya2uycch7rpba,ocid1.compartment.oc1..aaaaaaaa6zne3brnyivu4gnqeobwukjscw57mv73yutewmxl2i34hev5tpda
zep-56,RUNNING,,10.0.56.246,VM.Standard.E4.Flex,8,128,0,phx,VnTy:PHX-AD-2,FAULT-DOMAIN-1,2023-12-12 20:49:13.907 +0000 UTC,ocid1.instance.oc1.phx.anyhqljr6gc7n2yccttrdxiyoonxn54diubiwedz757b7iwprxis6aj3j46q,ocid1.compartment.oc1..aaaaaaaa6zne3brnyivu4gnqeobwukjscw57mv73yutewmxl2i34hev5tpda
zep-59,RUNNING,,10.0.59.102,VM.Standard.E4.Flex,8,128,0,phx,VnTy:PHX-AD-2,FAULT-DOMAIN-1,2023-12-12 20:47:47.106 +0000 UTC,ocid1.instance.oc1.phx.anyhqljr6gc7n2yckwzwlulbzhjeh426yplempp3h2jwpevy54umduadsiqa,ocid1.compartment.oc1..aaaaaaaa6zne3brnyivu4gnqeobwukjscw57mv73yutewmxl2i34hev5tpda
zep-62,RUNNING,,10.0.57.69,VM.Standard.E4.Flex,8,128,0,phx,VnTy:PHX-AD-2,FAULT-DOMAIN-2,2023-12-12 21:47:57.85 +0000 UTC,ocid1.instance.oc1.phx.anyhqljr6gc7n2ycroditkeutef736m4aymmvd5zvhljtof6zafcupz5lnma,ocid1.compartment.oc1..aaaaaaaa6zne3brnyivu4gnqeobwukjscw57mv73yutewmxl2i34hev5tpda
zep-65,RUNNING,,10.0.59.140,VM.Standard.E4.Flex,8,128,0,phx,VnTy:PHX-AD-2,FAULT-DOMAIN-1,2023-12-12 21:45:45.26 +0000 UTC,ocid1.instance.oc1.phx.anyhqljr6gc7n2ycbnzst6brtiz5eei2sieiyfzysp4dqfugur4scrasfvvq,ocid1.compartment.oc1..aaaaaaaa6zne3brnyivu4gnqeobwukjscw57mv73yutewmxl2i34hev5tpda
zep-68,RUNNING,,10.0.59.213,VM.Standard.E4.Flex,8,128,0,phx,VnTy:PHX-AD-2,FAULT-DOMAIN-1,2023-12-12 21:45:45.414 +0000 UTC,ocid1.instance.oc1.phx.anyhqljr6gc7n2yc6ci5sfsiahvlmen3pgz2skghbbxdfdbpgqb7pajc7ivq,ocid1.compartment.oc1..aaaaaaaa6zne3brnyivu4gnqeobwukjscw57mv73yutewmxl2i34hev5tpda
zep-71,RUNNING,,10.0.58.223,VM.Standard.E4.Flex,8,128,0,phx,VnTy:PHX-AD-2,FAULT-DOMAIN-2,2023-12-12 21:46:28.056 +0000 UTC,ocid1.instance.oc1.phx.anyhqljr6gc7n2yc72ggihc6i3lhpyfijwwfjedkqqyfb5sr7pkadutzlhsa,ocid1.compartment.oc1..aaaaaaaa6zne3brnyivu4gnqeobwukjscw57mv73yutewmxl2i34hev5tpda
zep-74,RUNNING,,10.0.56.110,VM.Standard.E4.Flex,8,128,0,phx,VnTy:PHX-AD-2,FAULT-DOMAIN-2,2023-12-12 21:46:28.118 +0000 UTC,ocid1.instance.oc1.phx.anyhqljr6gc7n2yc2u6jr5dug3o7p7ygdrnvttoaeabqke4yk536x3m3c5oq,ocid1.compartment.oc1..aaaaaaaa6zne3brnyivu4gnqeobwukjscw57mv73yutewmxl2i34hev5tpda
zep-77,RUNNING,,10.0.56.32,VM.Standard.E4.Flex,8,128,0,phx,VnTy:PHX-AD-2,FAULT-DOMAIN-2,2023-12-12 21:47:45.841 +0000 UTC,ocid1.instance.oc1.phx.anyhqljr6gc7n2ycwqlziaaujk4xqai54jygpqpjnbwpolmd62mkhd26w2yq,ocid1.compartment.oc1..aaaaaaaa6zne3brnyivu4gnqeobwukjscw57mv73yutewmxl2i34hev5tpda
zep-8,RUNNING,,10.0.58.2,VM.Standard.E3.Flex,8,128,0,phx,VnTy:PHX-AD-2,FAULT-DOMAIN-1,2022-09-01 08:04:04.203 +0000 UTC,ocid1.instance.oc1.phx.anyhqljr6gc7n2ycdfa6p5ckl5bk5lqgqlytklaqf4gvncdbo7qqmzcfcf7q,ocid1.compartment.oc1..aaaaaaaa6zne3brnyivu4gnqeobwukjscw57mv73yutewmxl2i34hev5tpda
zep-80,RUNNING,,10.0.59.25,VM.Standard.E4.Flex,8,128,0,phx,VnTy:PHX-AD-2,FAULT-DOMAIN-2,2023-12-12 21:47:11.214 +0000 UTC,ocid1.instance.oc1.phx.anyhqljr6gc7n2ycfzcrrxfuoaqksdsmf5gbfirpptcl2qjjw5cv2r6clxlq,ocid1.compartment.oc1..aaaaaaaa6zne3brnyivu4gnqeobwukjscw57mv73yutewmxl2i34hev5tpda
zep-83,RUNNING,,10.0.56.213,VM.Standard.E4.Flex,8,128,0,phx,VnTy:PHX-AD-2,FAULT-DOMAIN-2,2023-12-12 21:47:57.787 +0000 UTC,ocid1.instance.oc1.phx.anyhqljr6gc7n2ycbzvsqbxjy2u7f7pwkvbdgnz3xaxidzvn3juwv4zqtd5a,ocid1.compartment.oc1..aaaaaaaa6zne3brnyivu4gnqeobwukjscw57mv73yutewmxl2i34hev5tpda
zep-86,RUNNING,,10.0.56.62,VM.Standard.E4.Flex,8,128,0,phx,VnTy:PHX-AD-2,FAULT-DOMAIN-1,2023-12-12 21:45:54.211 +0000 UTC,ocid1.instance.oc1.phx.anyhqljr6gc7n2yc5yuh3xcottaszl5dcsglzxzms7iifang2mijaf4zp6vq,ocid1.compartment.oc1..aaaaaaaa6zne3brnyivu4gnqeobwukjscw57mv73yutewmxl2i34hev5tpda
zep-89,RUNNING,,10.0.58.210,VM.Standard.E4.Flex,8,128,0,phx,VnTy:PHX-AD-2,FAULT-DOMAIN-2,2023-12-12 21:46:25.54 +0000 UTC,ocid1.instance.oc1.phx.anyhqljr6gc7n2yctuunphyjjgwmu2wbd4oaabk7greltyy6f3uon4uc745a,ocid1.compartment.oc1..aaaaaaaa6zne3brnyivu4gnqeobwukjscw57mv73yutewmxl2i34hev5tpda
zep-92,RUNNING,,10.0.56.251,VM.Standard.E4.Flex,8,128,0,phx,VnTy:PHX-AD-2,FAULT-DOMAIN-2,2023-12-12 21:46:32.198 +0000 UTC,ocid1.instance.oc1.phx.anyhqljr6gc7n2ychpjhtxpqyevyiovbgw67cwofzpqlh3vzw64lymiq2sna,ocid1.compartment.oc1..aaaaaaaa6zne3brnyivu4gnqeobwukjscw57mv73yutewmxl2i34hev5tpda
zep-95,RUNNING,,10.0.58.203,VM.Standard.E4.Flex,8,128,0,phx,VnTy:PHX-AD-2,FAULT-DOMAIN-2,2023-12-12 21:47:43.001 +0000 UTC,ocid1.instance.oc1.phx.anyhqljr6gc7n2yc7zentu2sc4hv3ejuyccoxgm3lrfi35dm57r2w2wxkhaq,ocid1.compartment.oc1..aaaaaaaa6zne3brnyivu4gnqeobwukjscw57mv73yutewmxl2i34hev5tpda
zep-98,RUNNING,,10.0.58.253,VM.Standard.E4.Flex,8,128,0,phx,VnTy:PHX-AD-2,FAULT-DOMAIN-1,2023-12-12 21:45:50.313 +0000 UTC,ocid1.instance.oc1.phx.anyhqljr6gc7n2ycyqsmqmknc4i7rqpkprafwkygf6p4t4jzfqbawiebxwba,ocid1.compartment.oc1..aaaaaaaa6zne3brnyivu4gnqeobwukjscw57mv73yutewmxl2i34hev5tpda
appctrl-3,RUNNING,138.1.132.86,10.0.24.28,BM.DenseIO2.52,52,768,0,phx,VnTy:PHX-AD-3,FAULT-DOMAIN-1,2023-06-26 19:48:59.114 +0000 UTC,ocid1.instance.oc1.phx.anyhqljs6gc7n2yc5a4a25rv4zr6qp7lz2226tm32gvpketesi3ggaa37qkq,ocid1.compartment.oc1..aaaaaaaa6zne3brnyivu4gnqeobwukjscw57mv73yutewmxl2i34hev5tpda
bpod-3,RUNNING,130.35.138.83,10.0.24.21,BM.DenseIO2.52,52,768,0,phx,VnTy:PHX-AD-3,FAULT-DOMAIN-3,2020-11-05 23:42:42.66 +0000 UTC,ocid1.instance.oc1.phx.anyhqljs6gc7n2ycasbxpiq6hwq3zev6iwu4djalnak5e2posljjndn5kd6a,ocid1.compartment.oc1..aaaaaaaa6zne3brnyivu4gnqeobwukjscw57mv73yutewmxl2i34hev5tpda
bpod-6,RUNNING,138.1.136.61,10.0.26.237,VM.DenseIO2.16,16,240,0,phx,VnTy:PHX-AD-3,FAULT-DOMAIN-1,2024-02-08 21:34:50.584 +0000 UTC,ocid1.instance.oc1.phx.anyhqljs6gc7n2ycmk3weohzx23ilbron3oz46dznmayvxgbw4qhjfbqgpxa,ocid1.compartment.oc1..aaaaaaaa6zne3brnyivu4gnqeobwukjscw57mv73yutewmxl2i34hev5tpda
cman-3,RUNNING,,10.0.13.220,VM.Standard2.16,16,240,0,phx,VnTy:PHX-AD-3,FAULT-DOMAIN-1,2021-09-14 17:38:22.915 +0000 UTC,ocid1.instance.oc1.phx.anyhqljs6gc7n2ycl5oxckxp33gc6zjn7gym4nmjjktwnjlfbltjsjt7sgsq,ocid1.compartment.oc1..aaaaaaaa6zne3brnyivu4gnqeobwukjscw57mv73yutewmxl2i34hev5tpda
ctrl-3,RUNNING,138.1.128.204,10.0.27.142,VM.DenseIO2.16,16,240,0,phx,VnTy:PHX-AD-3,FAULT-DOMAIN-1,2023-04-06 18:51:37.222 +0000 UTC,ocid1.instance.oc1.phx.anyhqljs6gc7n2yc62eutg3dp46j7isumwjihhixthhu5kfjikedtzrcmzja,ocid1.compartment.oc1..aaaaaaaa6zne3brnyivu4gnqeobwukjscw57mv73yutewmxl2i34hev5tpda
fbpod-3,RUNNING,138.1.131.135,10.0.24.140,VM.DenseIO2.16,16,240,0,phx,VnTy:PHX-AD-3,FAULT-DOMAIN-1,2023-02-09 23:07:21.496 +0000 UTC,ocid1.instance.oc1.phx.anyhqljs6gc7n2ycczvmaajrpvhmmhiteyag7ccztrgzliu4deoefvdwnwua,ocid1.compartment.oc1..aaaaaaaa6zne3brnyivu4gnqeobwukjscw57mv73yutewmxl2i34hev5tpda
json-3,RUNNING,,10.0.14.29,VM.Standard.E3.Flex,8,128,0,phx,VnTy:PHX-AD-3,FAULT-DOMAIN-2,2022-07-12 12:49:12.224 +0000 UTC,ocid1.instance.oc1.phx.anyhqljs6gc7n2yclkzuvtjavmshur4o2vd6ity65udqapbew7p7hsce4ggq,ocid1.compartment.oc1..aaaaaaaa6zne3brnyivu4gnqeobwukjscw57mv73yutewmxl2i34hev5tpda
jump1-preprod,RUNNING,130.35.8.181,10.0.1.117,VM.Standard2.16,16,240,0,phx,VnTy:PHX-AD-3,FAULT-DOMAIN-2,2021-02-04 16:30:25.237 +0000 UTC,ocid1.instance.oc1.phx.anyhqljs6gc7n2ycdkri7lijuqaquuictrvwfuj4t37h2iyypiqxv5imh7wq,ocid1.compartment.oc1..aaaaaaaa6zne3brnyivu4gnqeobwukjscw57mv73yutewmxl2i34hev5tpda
jump3-preprod,RUNNING,138.1.130.228,10.0.1.116,VM.Standard2.16,16,240,0,phx,VnTy:PHX-AD-3,FAULT-DOMAIN-1,2020-10-21 21:55:25.632 +0000 UTC,ocid1.instance.oc1.phx.anyhqljs6gc7n2ycnb7yy66myb6w5tf4axyoq7rxragnv4755fpkzrcvbimq,ocid1.compartment.oc1..aaaaaaaa6zne3brnyivu4gnqeobwukjscw57mv73yutewmxl2i34hev5tpda
logr-3,RUNNING,130.35.136.146,10.0.1.23,VM.Standard2.8,8,120,0,phx,VnTy:PHX-AD-3,FAULT-DOMAIN-1,2022-04-26 19:19:33.129 +0000 UTC,ocid1.instance.oc1.phx.anyhqljs6gc7n2yc77zt62qebywcirptcu7egi4lu6eureku6mavekjnzn4q,ocid1.compartment.oc1..aaaaaaaa6zne3brnyivu4gnqeobwukjscw57mv73yutewmxl2i34hev5tpda
osch-3,RUNNING,,10.0.14.124,VM.Standard.E4.Flex,16,256,0,phx,VnTy:PHX-AD-3,FAULT-DOMAIN-1,2023-03-28 17:51:52.763 +0000 UTC,ocid1.instance.oc1.phx.anyhqljs6gc7n2ycmj7nb44ssbfimxrvmqez6cpe52houiep2746u32gk4qa,ocid1.compartment.oc1..aaaaaaaa6zne3brnyivu4gnqeobwukjscw57mv73yutewmxl2i34hev5tpda
rbpod-3,RUNNING,138.1.139.15,10.0.202.166,VM.Standard.E4.Flex,24,384,0,phx,VnTy:PHX-AD-3,FAULT-DOMAIN-1,2023-09-06 17:18:56.27 +0000 UTC,ocid1.instance.oc1.phx.anyhqljs6gc7n2yck4yhiurto4cxekhwktwqc3emdtsbgoamojussku6hdqa,ocid1.compartment.oc1..aaaaaaaa6zne3brnyivu4gnqeobwukjscw57mv73yutewmxl2i34hev5tpda
sbpod-3,RUNNING,,10.0.12.13,VM.DenseIO2.16,16,240,0,phx,VnTy:PHX-AD-3,FAULT-DOMAIN-2,2020-07-10 16:13:49.719 +0000 UTC,ocid1.instance.oc1.phx.anyhqljs6gc7n2yczvnfrlbir7xhdaqiu53447oaksljohv6vum5wdg3m3oa,ocid1.compartment.oc1..aaaaaaaa6zne3brnyivu4gnqeobwukjscw57mv73yutewmxl2i34hev5tpda
wls-3,RUNNING,,10.0.12.11,VM.Standard2.16,16,240,0,phx,VnTy:PHX-AD-3,FAULT-DOMAIN-3,2020-03-22 19:55:45.431 +0000 UTC,ocid1.instance.oc1.phx.anyhqljs6gc7n2ycqahetdts7g4crngrjucplgrgfsgpgs27yzonxsz4nqjq,ocid1.compartment.oc1..aaaaaaaa6zne3brnyivu4gnqeobwukjscw57mv73yutewmxl2i34hev5tpda
zep-102,RUNNING,,10.0.61.117,VM.Standard.E4.Flex,8,128,0,phx,VnTy:PHX-AD-3,FAULT-DOMAIN-3,2023-12-13 21:38:22.109 +0000 UTC,ocid1.instance.oc1.phx.anyhqljs6gc7n2ycab45gy3pypm3s3u3fzlkvdhwgmqjqf6rbdfbumnlwveq,ocid1.compartment.oc1..aaaaaaaa6zne3brnyivu4gnqeobwukjscw57mv73yutewmxl2i34hev5tpda
zep-105,RUNNING,,10.0.63.177,VM.Standard.E4.Flex,8,128,0,phx,VnTy:PHX-AD-3,FAULT-DOMAIN-2,2023-12-13 21:38:15.338 +0000 UTC,ocid1.instance.oc1.phx.anyhqljs6gc7n2ycubcnbbijkpapdykpjo42gql5apgpn2unashg7n6ouodq,ocid1.compartment.oc1..aaaaaaaa6zne3brnyivu4gnqeobwukjscw57mv73yutewmxl2i34hev5tpda
zep-108,RUNNING,,10.0.62.23,VM.Standard.E4.Flex,8,128,0,phx,VnTy:PHX-AD-3,FAULT-DOMAIN-3,2023-12-13 21:38:12.328 +0000 UTC,ocid1.instance.oc1.phx.anyhqljs6gc7n2yc45gj7wwanizlgdwad5gc5pll2bc4465br77dsfag5tca,ocid1.compartment.oc1..aaaaaaaa6zne3brnyivu4gnqeobwukjscw57mv73yutewmxl2i34hev5tpda
zep-111,RUNNING,,10.0.61.215,VM.Standard.E4.Flex,8,128,0,phx,VnTy:PHX-AD-3,FAULT-DOMAIN-3,2023-12-13 21:38:30.866 +0000 UTC,ocid1.instance.oc1.phx.anyhqljs6gc7n2ycgkyfqentnhugw5jxvtt7od4eonjqo4paqrpxkly2k6fa,ocid1.compartment.oc1..aaaaaaaa6zne3brnyivu4gnqeobwukjscw57mv73yutewmxl2i34hev5tpda
zep-12,RUNNING,,10.0.60.14,VM.Standard.E4.Flex,8,128,0,phx,VnTy:PHX-AD-3,FAULT-DOMAIN-1,2023-12-12 20:31:27.204 +0000 UTC,ocid1.instance.oc1.phx.anyhqljs6gc7n2ycftribqr5kurszojxk6psa5nrhgsg6evvraq7u5cfktxa,ocid1.compartment.oc1..aaaaaaaa6zne3brnyivu4gnqeobwukjscw57mv73yutewmxl2i34hev5tpda
zep-15,RUNNING,,10.0.60.133,VM.Standard.E4.Flex,8,128,0,phx,VnTy:PHX-AD-3,FAULT-DOMAIN-3,2023-12-12 20:32:52.487 +0000 UTC,ocid1.instance.oc1.phx.anyhqljs6gc7n2ycg6fztvwhm5ws4lulbeck2cubp7ddaf2lysfy2qwjckkq,ocid1.compartment.oc1..aaaaaaaa6zne3brnyivu4gnqeobwukjscw57mv73yutewmxl2i34hev5tpda
zep-18,RUNNING,,10.0.61.62,VM.Standard.E4.Flex,8,128,0,phx,VnTy:PHX-AD-3,FAULT-DOMAIN-3,2023-12-12 20:32:00.374 +0000 UTC,ocid1.instance.oc1.phx.anyhqljs6gc7n2yc7uhltmrtux5yfg7htorp7dtldbicthevxfojganzz5lq,ocid1.compartment.oc1..aaaaaaaa6zne3brnyivu4gnqeobwukjscw57mv73yutewmxl2i34hev5tpda
zep-21,RUNNING,,10.0.63.211,VM.Standard.E4.Flex,8,128,0,phx,VnTy:PHX-AD-3,FAULT-DOMAIN-3,2023-12-12 20:30:36.565 +0000 UTC,ocid1.instance.oc1.phx.anyhqljs6gc7n2yc44dq4x2pjxm76rygbnz4bvtrqoasjlgqbgomvm42txoq,ocid1.compartment.oc1..aaaaaaaa6zne3brnyivu4gnqeobwukjscw57mv73yutewmxl2i34hev5tpda
zep-24,RUNNING,,10.0.60.118,VM.Standard.E4.Flex,8,128,0,phx,VnTy:PHX-AD-3,FAULT-DOMAIN-2,2023-12-12 20:30:36.342 +0000 UTC,ocid1.instance.oc1.phx.anyhqljs6gc7n2ycyzi2lxtkplkck4isug47e6pb4fannc4h3g2cih6otpfq,ocid1.compartment.oc1..aaaaaaaa6zne3brnyivu4gnqeobwukjscw57mv73yutewmxl2i34hev5tpda
zep-27,RUNNING,,10.0.63.97,VM.Standard.E4.Flex,8,128,0,phx,VnTy:PHX-AD-3,FAULT-DOMAIN-3,2023-12-12 20:30:36.462 +0000 UTC,ocid1.instance.oc1.phx.anyhqljs6gc7n2ycbdwzyhjhoaeok4vxvpqo2ijptn7bvkkbgykzvsp4ylta,ocid1.compartment.oc1..aaaaaaaa6zne3brnyivu4gnqeobwukjscw57mv73yutewmxl2i34hev5tpda
zep-3,RUNNING,,10.0.62.154,VM.Standard.E3.Flex,8,128,0,phx,VnTy:PHX-AD-3,FAULT-DOMAIN-2,2022-09-01 12:03:49.915 +0000 UTC,ocid1.instance.oc1.phx.anyhqljs6gc7n2ycfafor6w7agvwuygnvarcel4nnxf6c6n4gz4vh72r4w6a,ocid1.compartment.oc1..aaaaaaaa6zne3brnyivu4gnqeobwukjscw57mv73yutewmxl2i34hev5tpda
zep-30,RUNNING,,10.0.60.23,VM.Standard.E4.Flex,8,128,0,phx,VnTy:PHX-AD-3,FAULT-DOMAIN-1,2023-12-12 20:31:26.844 +0000 UTC,ocid1.instance.oc1.phx.anyhqljs6gc7n2ycsdop7wgjx5jymkurg25ilyn6jrfwvfwp4gkbj3gk4sma,ocid1.compartment.oc1..aaaaaaaa6zne3brnyivu4gnqeobwukjscw57mv73yutewmxl2i34hev5tpda
zep-33,RUNNING,,10.0.60.139,VM.Standard.E4.Flex,8,128,0,phx,VnTy:PHX-AD-3,FAULT-DOMAIN-2,2023-12-12 20:30:36.426 +0000 UTC,ocid1.instance.oc1.phx.anyhqljs6gc7n2ycmkohqriggsxsz5j4to22wj53betpiygttsshqovbppdq,ocid1.compartment.oc1..aaaaaaaa6zne3brnyivu4gnqeobwukjscw57mv73yutewmxl2i34hev5tpda
zep-36,RUNNING,,10.0.60.202,VM.Standard.E4.Flex,8,128,0,phx,VnTy:PHX-AD-3,FAULT-DOMAIN-1,2023-12-12 20:31:26.818 +0000 UTC,ocid1.instance.oc1.phx.anyhqljs6gc7n2ycmt42f7fputfyh5ga3pj4wpvylvnrsnriwpoh22xps3la,ocid1.compartment.oc1..aaaaaaaa6zne3brnyivu4gnqeobwukjscw57mv73yutewmxl2i34hev5tpda
zep-39,RUNNING,,10.0.61.11,VM.Standard.E4.Flex,8,128,0,phx,VnTy:PHX-AD-3,FAULT-DOMAIN-2,2023-12-12 20:48:59.611 +0000 UTC,ocid1.instance.oc1.phx.anyhqljs6gc7n2yccg4ljpbittztqoa4ptfnfbv67mtpspzikl5sncca34rq,ocid1.compartment.oc1..aaaaaaaa6zne3brnyivu4gnqeobwukjscw57mv73yutewmxl2i34hev5tpda
zep-42,RUNNING,,10.0.61.235,VM.Standard.E4.Flex,8,128,0,phx,VnTy:PHX-AD-3,FAULT-DOMAIN-2,2023-12-12 20:49:05.055 +0000 UTC,ocid1.instance.oc1.phx.anyhqljs6gc7n2ychrnptik2pdd2gcsfzjzeamats6gipxiskj6ofpkrcksa,ocid1.compartment.oc1..aaaaaaaa6zne3brnyivu4gnqeobwukjscw57mv73yutewmxl2i34hev5tpda
zep-45,RUNNING,,10.0.61.23,VM.Standard.E4.Flex,8,128,0,phx,VnTy:PHX-AD-3,FAULT-DOMAIN-2,2023-12-12 20:49:09.813 +0000 UTC,ocid1.instance.oc1.phx.anyhqljs6gc7n2ycwkivk3qj3ylywbw7ezawfowvymfafrxtzt5hqgsw2o3q,ocid1.compartment.oc1..aaaaaaaa6zne3brnyivu4gnqeobwukjscw57mv73yutewmxl2i34hev5tpda
zep-48,RUNNING,,10.0.62.139,VM.Standard.E4.Flex,8,128,0,phx,VnTy:PHX-AD-3,FAULT-DOMAIN-2,2023-12-12 20:49:04.924 +0000 UTC,ocid1.instance.oc1.phx.anyhqljs6gc7n2yc43ioj3v2h6qy26l6tyfbndvo7pcshagofkrgwcosnjeq,ocid1.compartment.oc1..aaaaaaaa6zne3brnyivu4gnqeobwukjscw57mv73yutewmxl2i34hev5tpda
zep-51,RUNNING,,10.0.63.20,VM.Standard.E4.Flex,8,128,0,phx,VnTy:PHX-AD-3,FAULT-DOMAIN-2,2023-12-12 20:49:02.381 +0000 UTC,ocid1.instance.oc1.phx.anyhqljs6gc7n2ycztzlhwqeaiweisgef7uwqszqsrlcoh4ebi2wmepncfiq,ocid1.compartment.oc1..aaaaaaaa6zne3brnyivu4gnqeobwukjscw57mv73yutewmxl2i34hev5tpda
zep-54,RUNNING,,10.0.61.169,VM.Standard.E4.Flex,8,128,0,phx,VnTy:PHX-AD-3,FAULT-DOMAIN-2,2023-12-12 20:49:10.163 +0000 UTC,ocid1.instance.oc1.phx.anyhqljs6gc7n2ycsy6fwecmkocvmsmciuvv7hnsjdd56sgzqoofwejxbfvq,ocid1.compartment.oc1..aaaaaaaa6zne3brnyivu4gnqeobwukjscw57mv73yutewmxl2i34hev5tpda
zep-57,RUNNING,,10.0.60.174,VM.Standard.E4.Flex,8,128,0,phx,VnTy:PHX-AD-3,FAULT-DOMAIN-2,2023-12-12 20:47:47.12 +0000 UTC,ocid1.instance.oc1.phx.anyhqljs6gc7n2yc5xte3xnq56cjahtdu3amc2hdqmjigj4yr3mrqeteecva,ocid1.compartment.oc1..aaaaaaaa6zne3brnyivu4gnqeobwukjscw57mv73yutewmxl2i34hev5tpda
zep-6,RUNNING,,10.0.62.33,VM.Standard.E3.Flex,8,128,0,phx,VnTy:PHX-AD-3,FAULT-DOMAIN-2,2022-09-03 04:04:08.586 +0000 UTC,ocid1.instance.oc1.phx.anyhqljs6gc7n2yceg7z4csejf6r4elorpgdf3cxu4ecmn6z72llckrg65wq,ocid1.compartment.oc1..aaaaaaaa6zne3brnyivu4gnqeobwukjscw57mv73yutewmxl2i34hev5tpda
zep-60,RUNNING,,10.0.63.54,VM.Standard.E4.Flex,8,128,0,phx,VnTy:PHX-AD-3,FAULT-DOMAIN-2,2023-12-12 20:49:37.205 +0000 UTC,ocid1.instance.oc1.phx.anyhqljs6gc7n2yccqmd4pmtasytyydjvkkeb4blzkzjwkzlvvaspmnwycua,ocid1.compartment.oc1..aaaaaaaa6zne3brnyivu4gnqeobwukjscw57mv73yutewmxl2i34hev5tpda
zep-63,RUNNING,,10.0.60.216,VM.Standard.E4.Flex,8,128,0,phx,VnTy:PHX-AD-3,FAULT-DOMAIN-3,2023-12-12 21:47:04.918 +0000 UTC,ocid1.instance.oc1.phx.anyhqljs6gc7n2yct34mysg3osbif2ma2ngrpmmizig2m767x3ola3loehua,ocid1.compartment.oc1..aaaaaaaa6zne3brnyivu4gnqeobwukjscw57mv73yutewmxl2i34hev5tpda
zep-66,RUNNING,,10.0.63.134,VM.Standard.E4.Flex,8,128,0,phx,VnTy:PHX-AD-3,FAULT-DOMAIN-3,2023-12-12 21:45:50.376 +0000 UTC,ocid1.instance.oc1.phx.anyhqljs6gc7n2ycp3kl4fsnzn2hsiq2y7t5gcn6zx42hw3v4ubq47ztjgmq,ocid1.compartment.oc1..aaaaaaaa6zne3brnyivu4gnqeobwukjscw57mv73yutewmxl2i34hev5tpda
zep-69,RUNNING,,10.0.62.229,VM.Standard.E4.Flex,8,128,0,phx,VnTy:PHX-AD-3,FAULT-DOMAIN-1,2023-12-12 21:46:37.525 +0000 UTC,ocid1.instance.oc1.phx.anyhqljs6gc7n2ycl7526pbud25ghtou26ajsvi3r4sltjy6ufy6e4gshvia,ocid1.compartment.oc1..aaaaaaaa6zne3brnyivu4gnqeobwukjscw57mv73yutewmxl2i34hev5tpda
zep-72,RUNNING,,10.0.60.65,VM.Standard.E4.Flex,8,128,0,phx,VnTy:PHX-AD-3,FAULT-DOMAIN-3,2023-12-12 21:47:02.328 +0000 UTC,ocid1.instance.oc1.phx.anyhqljs6gc7n2yccedwjtvqrwtbqv7cgzjw532lp7d3mz4llyqrcreb7mjq,ocid1.compartment.oc1..aaaaaaaa6zne3brnyivu4gnqeobwukjscw57mv73yutewmxl2i34hev5tpda
zep-75,RUNNING,,10.0.63.226,VM.Standard.E4.Flex,8,128,0,phx,VnTy:PHX-AD-3,FAULT-DOMAIN-3,2023-12-12 21:45:50.305 +0000 UTC,ocid1.instance.oc1.phx.anyhqljs6gc7n2ycryugwisuanaxpfajamqjp6qajuscyhbfcgizmoh5pv4q,ocid1.compartment.oc1..aaaaaaaa6zne3brnyivu4gnqeobwukjscw57mv73yutewmxl2i34hev5tpda
zep-78,RUNNING,,10.0.63.192,VM.Standard.E4.Flex,8,128,0,phx,VnTy:PHX-AD-3,FAULT-DOMAIN-3,2023-12-12 21:46:59.958 +0000 UTC,ocid1.instance.oc1.phx.anyhqljs6gc7n2yckkwfyulo2sjnodlgtbiwpiqrvwrsqoyuds2l2sp4ofhq,ocid1.compartment.oc1..aaaaaaaa6zne3brnyivu4gnqeobwukjscw57mv73yutewmxl2i34hev5tpda
zep-81,RUNNING,,10.0.63.184,VM.Standard.E4.Flex,8,128,0,phx,VnTy:PHX-AD-3,FAULT-DOMAIN-3,2023-12-12 21:47:02.639 +0000 UTC,ocid1.instance.oc1.phx.anyhqljs6gc7n2yc4c7kwk2a5hlccvhp3ip3wjfcagaom32wjbf62d77prpq,ocid1.compartment.oc1..aaaaaaaa6zne3brnyivu4gnqeobwukjscw57mv73yutewmxl2i34hev5tpda
zep-84,RUNNING,,10.0.62.136,VM.Standard.E4.Flex,8,128,0,phx,VnTy:PHX-AD-3,FAULT-DOMAIN-1,2023-12-12 21:47:44.182 +0000 UTC,ocid1.instance.oc1.phx.anyhqljs6gc7n2yc5wgkpnpqpnvnlizoz7wf5samz7mnpewcplva4a7izzhq,ocid1.compartment.oc1..aaaaaaaa6zne3brnyivu4gnqeobwukjscw57mv73yutewmxl2i34hev5tpda
zep-87,RUNNING,,10.0.60.150,VM.Standard.E4.Flex,8,128,0,phx,VnTy:PHX-AD-3,FAULT-DOMAIN-3,2023-12-12 21:45:57.543 +0000 UTC,ocid1.instance.oc1.phx.anyhqljs6gc7n2yc2pvl53ev5mb5ftymhar3ovwda2zxsopjjochkwdw4jfq,ocid1.compartment.oc1..aaaaaaaa6zne3brnyivu4gnqeobwukjscw57mv73yutewmxl2i34hev5tpda
zep-9,RUNNING,,10.0.61.5,VM.Standard.E3.Flex,8,128,0,phx,VnTy:PHX-AD-3,FAULT-DOMAIN-2,2022-09-03 08:59:45.424 +0000 UTC,ocid1.instance.oc1.phx.anyhqljs6gc7n2yc472onxie5hh3pzjf6goxja62qxecmeczmkegblrr53yq,ocid1.compartment.oc1..aaaaaaaa6zne3brnyivu4gnqeobwukjscw57mv73yutewmxl2i34hev5tpda
zep-90,RUNNING,,10.0.63.145,VM.Standard.E4.Flex,8,128,0,phx,VnTy:PHX-AD-3,FAULT-DOMAIN-1,2023-12-12 21:47:13.598 +0000 UTC,ocid1.instance.oc1.phx.anyhqljs6gc7n2ycvvrtmt6xbcfkzo37mxixm2z63ogzlfwbvpd3q27tkjoq,ocid1.compartment.oc1..aaaaaaaa6zne3brnyivu4gnqeobwukjscw57mv73yutewmxl2i34hev5tpda
zep-93,RUNNING,,10.0.62.66,VM.Standard.E4.Flex,8,128,0,phx,VnTy:PHX-AD-3,FAULT-DOMAIN-3,2023-12-12 21:45:46.851 +0000 UTC,ocid1.instance.oc1.phx.anyhqljs6gc7n2ycrjlshurl2ksc3c47hd7ywdge2ejvbs7krzdrijfiiska,ocid1.compartment.oc1..aaaaaaaa6zne3brnyivu4gnqeobwukjscw57mv73yutewmxl2i34hev5tpda
zep-96,RUNNING,,10.0.63.120,VM.Standard.E4.Flex,8,128,0,phx,VnTy:PHX-AD-3,FAULT-DOMAIN-1,2023-12-12 21:47:40.741 +0000 UTC,ocid1.instance.oc1.phx.anyhqljs6gc7n2ycmm7ozbgsmeipwjh5p77cagrxu6ttly62t6yparqpwniq,ocid1.compartment.oc1..aaaaaaaa6zne3brnyivu4gnqeobwukjscw57mv73yutewmxl2i34hev5tpda
zep-99,RUNNING,,10.0.60.16,VM.Standard.E4.Flex,8,128,0,phx,VnTy:PHX-AD-3,FAULT-DOMAIN-1,2023-12-12 21:47:24.129 +0000 UTC,ocid1.instance.oc1.phx.anyhqljs6gc7n2ycsmod274s7ixsg4kim2ztliydz3us4m3mq7igt3kjoeca,ocid1.compartment.oc1..aaaaaaaa6zne3brnyivu4gnqeobwukjscw57mv73yutewmxl2i34hev5tpda
OKVSTABLE1,RUNNING,138.1.158.192,10.0.0.223,VM.Standard2.2,2,30,0,phx,VnTy:PHX-AD-1,FAULT-DOMAIN-1,2022-11-29 07:30:08.586 +0000 UTC,ocid1.instance.oc1.phx.anyhqljt6gc7n2yc5kge4we77a7y5z25mrah2xpewp6tb3vucx4uzz3bymdq,ocid1.compartment.oc1..aaaaaaaaprt3cdtufhimjess4levynn6cu3nqxvcy2h7g7ofpba2fqomeruq
adm-1,RUNNING,138.1.151.178,10.0.1.83,VM.Standard2.2,2,30,0,phx,VnTy:PHX-AD-1,FAULT-DOMAIN-2,2020-07-06 00:09:38.89 +0000 UTC,ocid1.instance.oc1.phx.anyhqljt6gc7n2ycnc72ncz4zfzlvbrdokkfwfasvunhjyanw3wktfvrgo7q,ocid1.compartment.oc1..aaaaaaaazozzhqaff5spaq2ownpbw5p6fbzpvetujgkeqtblbttxhtxdgtda
bpod-1,RUNNING,138.1.148.31,10.0.16.3,VM.DenseIO2.16,16,240,0,phx,VnTy:PHX-AD-1,FAULT-DOMAIN-1,2019-11-26 00:32:14.968 +0000 UTC,ocid1.instance.oc1.phx.anyhqljt6gc7n2ycd7pklgwczep4ffko3xxmfvkobwgg2wtugyd6cotru6za,ocid1.compartment.oc1..aaaaaaaazozzhqaff5spaq2ownpbw5p6fbzpvetujgkeqtblbttxhtxdgtda
cman-1,RUNNING,,10.0.4.3,VM.Standard2.8,8,120,0,phx,VnTy:PHX-AD-1,FAULT-DOMAIN-2,2019-11-26 00:33:26.106 +0000 UTC,ocid1.instance.oc1.phx.anyhqljt6gc7n2ycmddbpkkhamwvneww3utnqokj64wlthfrtzwg3ei5bkiq,ocid1.compartment.oc1..aaaaaaaazozzhqaff5spaq2ownpbw5p6fbzpvetujgkeqtblbttxhtxdgtda
ctrl-1,RUNNING,138.1.150.122,10.0.19.62,VM.DenseIO2.16,16,240,0,phx,VnTy:PHX-AD-1,FAULT-DOMAIN-2,2023-03-30 22:41:50.497 +0000 UTC,ocid1.instance.oc1.phx.anyhqljt6gc7n2ycbdhre76eknnfj7apwtjpmcuchwqmzkqj43lvvxwscteq,ocid1.compartment.oc1..aaaaaaaazozzhqaff5spaq2ownpbw5p6fbzpvetujgkeqtblbttxhtxdgtda
elk-1,RUNNING,,10.0.4.11,VM.DenseIO2.16,16,240,0,phx,VnTy:PHX-AD-1,FAULT-DOMAIN-1,2020-06-17 21:18:35.36 +0000 UTC,ocid1.instance.oc1.phx.anyhqljt6gc7n2yca5ybswaeagci36oc2qu3jy5iyate5q5fkn6yc427eprq,ocid1.compartment.oc1..aaaaaaaazozzhqaff5spaq2ownpbw5p6fbzpvetujgkeqtblbttxhtxdgtda
fbpod-1,RUNNING,130.35.141.196,10.0.17.253,VM.DenseIO2.16,16,240,0,phx,VnTy:PHX-AD-1,FAULT-DOMAIN-2,2021-02-09 01:46:32.829 +0000 UTC,ocid1.instance.oc1.phx.anyhqljt6gc7n2yc3wcz63s52kj2ee3xdrxuue6dy2r5b75aifbaxivchqiq,ocid1.compartment.oc1..aaaaaaaazozzhqaff5spaq2ownpbw5p6fbzpvetujgkeqtblbttxhtxdgtda
gracp-1,RUNNING,,10.0.4.7,VM.Standard2.2,2,30,0,phx,VnTy:PHX-AD-1,FAULT-DOMAIN-2,2020-04-21 21:00:44.542 +0000 UTC,ocid1.instance.oc1.phx.anyhqljt6gc7n2ycbwarntyvj26pjaaec6d2t7znivpg7vhet2xglilwpnva,ocid1.compartment.oc1..aaaaaaaazozzhqaff5spaq2ownpbw5p6fbzpvetujgkeqtblbttxhtxdgtda
jump-stable2,RUNNING,130.35.13.248,10.0.1.82,VM.Standard2.16,16,240,0,phx,VnTy:PHX-AD-1,FAULT-DOMAIN-2,2019-11-21 22:56:24.994 +0000 UTC,ocid1.instance.oc1.phx.anyhqljt6gc7n2yczhekrijpb5d5dad765vii6oxxlamz6h36tit2cznn7ha,ocid1.compartment.oc1..aaaaaaaazozzhqaff5spaq2ownpbw5p6fbzpvetujgkeqtblbttxhtxdgtda
logr-1,RUNNING,130.35.142.154,10.0.0.242,VM.Standard2.2,2,30,0,phx,VnTy:PHX-AD-1,FAULT-DOMAIN-2,2019-11-26 00:31:51.214 +0000 UTC,ocid1.instance.oc1.phx.anyhqljt6gc7n2ycfcgqauja6qbkomtz6zeujz2ilrbezp7rvdqma7ms7sta,ocid1.compartment.oc1..aaaaaaaazozzhqaff5spaq2ownpbw5p6fbzpvetujgkeqtblbttxhtxdgtda
nginx-1,RUNNING,,10.0.4.4,VM.Standard2.4,4,60,0,phx,VnTy:PHX-AD-1,FAULT-DOMAIN-2,2019-11-26 00:33:23.153 +0000 UTC,ocid1.instance.oc1.phx.anyhqljt6gc7n2ycz6ngesoabu2huwe37sqst44fulgpeb5c4bvdu5ulatya,ocid1.compartment.oc1..aaaaaaaazozzhqaff5spaq2ownpbw5p6fbzpvetujgkeqtblbttxhtxdgtda
ordswls-1,RUNNING,,10.0.7.134,VM.Standard2.8,8,120,0,phx,VnTy:PHX-AD-1,FAULT-DOMAIN-2,2023-02-11 01:22:04.228 +0000 UTC,ocid1.instance.oc1.phx.anyhqljt6gc7n2ychxdi5qsodab5psghzbrghrb6w5uu45koru66zsfgscpq,ocid1.compartment.oc1..aaaaaaaazozzhqaff5spaq2ownpbw5p6fbzpvetujgkeqtblbttxhtxdgtda
wls-1,RUNNING,,10.0.4.6,VM.Standard2.8,8,120,0,phx,VnTy:PHX-AD-1,FAULT-DOMAIN-2,2019-11-26 00:33:43.012 +0000 UTC,ocid1.instance.oc1.phx.anyhqljt6gc7n2ycqm3nvfk56ojkpvvace3wosbcfbnlepgdqgu3kjiearbq,ocid1.compartment.oc1..aaaaaaaazozzhqaff5spaq2ownpbw5p6fbzpvetujgkeqtblbttxhtxdgtda
zep-1,RUNNING,,10.0.54.138,VM.Standard.E2.8,8,64,0,phx,VnTy:PHX-AD-1,FAULT-DOMAIN-1,2022-01-28 19:43:42.996 +0000 UTC,ocid1.instance.oc1.phx.anyhqljt6gc7n2yc3unxyvci6c6kn57pzmacgtowejmxvcmyzclc3gdua5wa,ocid1.compartment.oc1..aaaaaaaazozzhqaff5spaq2ownpbw5p6fbzpvetujgkeqtblbttxhtxdgtda
zep-4,RUNNING,,10.0.54.230,VM.Standard2.8,8,120,0,phx,VnTy:PHX-AD-1,FAULT-DOMAIN-2,2023-11-02 00:09:40.82 +0000 UTC,ocid1.instance.oc1.phx.anyhqljt6gc7n2ycokcqidatsl666obmqr3xi65zd7z4ebp3s5wmzuorahda,ocid1.compartment.oc1..aaaaaaaazozzhqaff5spaq2ownpbw5p6fbzpvetujgkeqtblbttxhtxdgtda
bpod-2,RUNNING,130.35.132.33,10.0.23.75,VM.DenseIO2.16,16,240,0,phx,VnTy:PHX-AD-2,FAULT-DOMAIN-1,2022-03-14 19:26:29.6 +0000 UTC,ocid1.instance.oc1.phx.anyhqljr6gc7n2ycvxtkhnyv6anu7ppai5jt7tbygyidfi3bnlz7rplqeeqq,ocid1.compartment.oc1..aaaaaaaazozzhqaff5spaq2ownpbw5p6fbzpvetujgkeqtblbttxhtxdgtda
ctrl-2,RUNNING,130.35.240.173,10.0.21.223,VM.DenseIO2.16,16,240,0,phx,VnTy:PHX-AD-2,FAULT-DOMAIN-1,2023-09-27 17:30:21.885 +0000 UTC,ocid1.instance.oc1.phx.anyhqljr6gc7n2ycotdbp7m7rm7nmqac56eolrtrimopvbvspetxtdoos7uq,ocid1.compartment.oc1..aaaaaaaazozzhqaff5spaq2ownpbw5p6fbzpvetujgkeqtblbttxhtxdgtda
fbpod-2,RUNNING,130.35.133.232,10.0.21.33,VM.DenseIO2.16,16,240,0,phx,VnTy:PHX-AD-2,FAULT-DOMAIN-1,2023-10-27 18:13:57.067 +0000 UTC,ocid1.instance.oc1.phx.anyhqljr6gc7n2ycuuou2vwsefquekxcj57gcqkhlxfykndob3cp4cxpolqq,ocid1.compartment.oc1..aaaaaaaazozzhqaff5spaq2ownpbw5p6fbzpvetujgkeqtblbttxhtxdgtda
gracp-2,RUNNING,,10.0.8.3,VM.Standard2.2,2,30,0,phx,VnTy:PHX-AD-2,FAULT-DOMAIN-1,2020-05-18 17:09:24.231 +0000 UTC,ocid1.instance.oc1.phx.anyhqljr6gc7n2ycplo2sjorufesvp5uv5xkyh5qsuy7rak4kczipdcxooza,ocid1.compartment.oc1..aaaaaaaazozzhqaff5spaq2ownpbw5p6fbzpvetujgkeqtblbttxhtxdgtda
zep-2,RUNNING,,10.0.56.170,VM.Standard2.8,8,120,0,phx,VnTy:PHX-AD-2,FAULT-DOMAIN-2,2023-05-17 19:03:27.514 +0000 UTC,ocid1.instance.oc1.phx.anyhqljr6gc7n2ycjonkmxg57qybezpaq2th3ljofavkwsdy4quta33cwrfq,ocid1.compartment.oc1..aaaaaaaazozzhqaff5spaq2ownpbw5p6fbzpvetujgkeqtblbttxhtxdgtda
zep-3,RUNNING,,10.0.61.215,VM.Standard2.8,8,120,0,phx,VnTy:PHX-AD-3,FAULT-DOMAIN-1,2023-11-02 00:09:41.753 +0000 UTC,ocid1.instance.oc1.phx.anyhqljs6gc7n2ycym3soofn74n7qid6np6mnkaxagsodhrcsxmchz6iavaa,ocid1.compartment.oc1..aaaaaaaazozzhqaff5spaq2ownpbw5p6fbzpvetujgkeqtblbttxhtxdgtda
zfsrac_instance1,RUNNING,138.1.156.7,10.0.0.96,VM.Standard3.Flex,1,16,0,phx,VnTy:PHX-AD-1,FAULT-DOMAIN-3,2022-11-27 03:02:25.35 +0000 UTC,ocid1.instance.oc1.phx.anyhqljt6gc7n2ycc7xumidsuxkmtfgnk27at474d74t7lryc5vp3rgbrcpa,ocid1.compartment.oc1..aaaaaaaahmr4jba2jouzpmubrsldswwfr23t3xsiqkhhtqqirxc6qp2ek6la
zfsrac_instance2,RUNNING,130.35.143.237,10.0.0.172,VM.Standard3.Flex,1,16,0,phx,VnTy:PHX-AD-1,FAULT-DOMAIN-3,2022-11-27 03:02:24.879 +0000 UTC,ocid1.instance.oc1.phx.anyhqljt6gc7n2ycosoeozp7vq44fkljweumhd6ui3ep2gaccermo6n5qo7q,ocid1.compartment.oc1..aaaaaaaahmr4jba2jouzpmubrsldswwfr23t3xsiqkhhtqqirxc6qp2ek6la